
Maestro.elf:     file format elf32-avr

Sections:
Idx Name          Size      VMA       LMA       File off  Algn
  0 .data         00000148  00800100  00001288  0000131c  2**0
                  CONTENTS, ALLOC, LOAD, DATA
  1 .text         00001288  00000000  00000000  00000094  2**1
                  CONTENTS, ALLOC, LOAD, READONLY, CODE
  2 .bss          00000024  00800248  00800248  00001464  2**0
                  ALLOC
  3 .comment      0000005c  00000000  00000000  00001464  2**0
                  CONTENTS, READONLY
  4 .note.gnu.avr.deviceinfo 00000040  00000000  00000000  000014c0  2**2
                  CONTENTS, READONLY
  5 .debug_aranges 00000168  00000000  00000000  00001500  2**0
                  CONTENTS, READONLY, DEBUGGING
  6 .debug_info   000022b6  00000000  00000000  00001668  2**0
                  CONTENTS, READONLY, DEBUGGING
  7 .debug_abbrev 00000c45  00000000  00000000  0000391e  2**0
                  CONTENTS, READONLY, DEBUGGING
  8 .debug_line   00000f2b  00000000  00000000  00004563  2**0
                  CONTENTS, READONLY, DEBUGGING
  9 .debug_frame  00000378  00000000  00000000  00005490  2**2
                  CONTENTS, READONLY, DEBUGGING
 10 .debug_str    00000753  00000000  00000000  00005808  2**0
                  CONTENTS, READONLY, DEBUGGING
 11 .debug_loc    000010a6  00000000  00000000  00005f5b  2**0
                  CONTENTS, READONLY, DEBUGGING
 12 .debug_ranges 00000140  00000000  00000000  00007001  2**0
                  CONTENTS, READONLY, DEBUGGING

Disassembly of section .text:

00000000 <__vectors>:
       0:	0c 94 34 00 	jmp	0x68	; 0x68 <__ctors_end>
       4:	0c 94 51 00 	jmp	0xa2	; 0xa2 <__bad_interrupt>
       8:	0c 94 51 00 	jmp	0xa2	; 0xa2 <__bad_interrupt>
       c:	0c 94 51 00 	jmp	0xa2	; 0xa2 <__bad_interrupt>
      10:	0c 94 51 00 	jmp	0xa2	; 0xa2 <__bad_interrupt>
      14:	0c 94 51 00 	jmp	0xa2	; 0xa2 <__bad_interrupt>
      18:	0c 94 51 00 	jmp	0xa2	; 0xa2 <__bad_interrupt>
      1c:	0c 94 51 00 	jmp	0xa2	; 0xa2 <__bad_interrupt>
      20:	0c 94 51 00 	jmp	0xa2	; 0xa2 <__bad_interrupt>
      24:	0c 94 51 00 	jmp	0xa2	; 0xa2 <__bad_interrupt>
      28:	0c 94 51 00 	jmp	0xa2	; 0xa2 <__bad_interrupt>
      2c:	0c 94 51 00 	jmp	0xa2	; 0xa2 <__bad_interrupt>
      30:	0c 94 51 00 	jmp	0xa2	; 0xa2 <__bad_interrupt>
      34:	0c 94 51 00 	jmp	0xa2	; 0xa2 <__bad_interrupt>
      38:	0c 94 51 00 	jmp	0xa2	; 0xa2 <__bad_interrupt>
      3c:	0c 94 51 00 	jmp	0xa2	; 0xa2 <__bad_interrupt>
      40:	0c 94 51 00 	jmp	0xa2	; 0xa2 <__bad_interrupt>
      44:	0c 94 51 00 	jmp	0xa2	; 0xa2 <__bad_interrupt>
      48:	0c 94 51 00 	jmp	0xa2	; 0xa2 <__bad_interrupt>
      4c:	0c 94 51 00 	jmp	0xa2	; 0xa2 <__bad_interrupt>
      50:	0c 94 51 00 	jmp	0xa2	; 0xa2 <__bad_interrupt>
      54:	0c 94 51 00 	jmp	0xa2	; 0xa2 <__bad_interrupt>
      58:	0c 94 51 00 	jmp	0xa2	; 0xa2 <__bad_interrupt>
      5c:	0c 94 51 00 	jmp	0xa2	; 0xa2 <__bad_interrupt>
      60:	0c 94 51 00 	jmp	0xa2	; 0xa2 <__bad_interrupt>
      64:	0c 94 51 00 	jmp	0xa2	; 0xa2 <__bad_interrupt>

00000068 <__ctors_end>:
      68:	11 24       	eor	r1, r1
      6a:	1f be       	out	0x3f, r1	; 63
      6c:	cf ef       	ldi	r28, 0xFF	; 255
      6e:	d8 e0       	ldi	r29, 0x08	; 8
      70:	de bf       	out	0x3e, r29	; 62
      72:	cd bf       	out	0x3d, r28	; 61

00000074 <__do_copy_data>:
      74:	12 e0       	ldi	r17, 0x02	; 2
      76:	a0 e0       	ldi	r26, 0x00	; 0
      78:	b1 e0       	ldi	r27, 0x01	; 1
      7a:	e8 e8       	ldi	r30, 0x88	; 136
      7c:	f2 e1       	ldi	r31, 0x12	; 18
      7e:	02 c0       	rjmp	.+4      	; 0x84 <__do_copy_data+0x10>
      80:	05 90       	lpm	r0, Z+
      82:	0d 92       	st	X+, r0
      84:	a8 34       	cpi	r26, 0x48	; 72
      86:	b1 07       	cpc	r27, r17
      88:	d9 f7       	brne	.-10     	; 0x80 <__do_copy_data+0xc>

0000008a <__do_clear_bss>:
      8a:	22 e0       	ldi	r18, 0x02	; 2
      8c:	a8 e4       	ldi	r26, 0x48	; 72
      8e:	b2 e0       	ldi	r27, 0x02	; 2
      90:	01 c0       	rjmp	.+2      	; 0x94 <.do_clear_bss_start>

00000092 <.do_clear_bss_loop>:
      92:	1d 92       	st	X+, r1

00000094 <.do_clear_bss_start>:
      94:	ac 36       	cpi	r26, 0x6C	; 108
      96:	b2 07       	cpc	r27, r18
      98:	e1 f7       	brne	.-8      	; 0x92 <.do_clear_bss_loop>
      9a:	0e 94 8c 03 	call	0x718	; 0x718 <main>
      9e:	0c 94 42 09 	jmp	0x1284	; 0x1284 <_exit>

000000a2 <__bad_interrupt>:
      a2:	0c 94 00 00 	jmp	0	; 0x0 <__vectors>

000000a6 <I2C_Master_Init>:
      a6:	0f 93       	push	r16
      a8:	1f 93       	push	r17
      aa:	cf 93       	push	r28
      ac:	8b 01       	movw	r16, r22
      ae:	9c 01       	movw	r18, r24
      b0:	c4 2f       	mov	r28, r20
      b2:	87 b1       	in	r24, 0x07	; 7
      b4:	8f 7c       	andi	r24, 0xCF	; 207
      b6:	87 b9       	out	0x07, r24	; 7
      b8:	44 30       	cpi	r20, 0x04	; 4
      ba:	79 f0       	breq	.+30     	; 0xda <I2C_Master_Init+0x34>
      bc:	18 f4       	brcc	.+6      	; 0xc4 <I2C_Master_Init+0x1e>
      be:	41 30       	cpi	r20, 0x01	; 1
      c0:	31 f0       	breq	.+12     	; 0xce <I2C_Master_Init+0x28>
      c2:	23 c0       	rjmp	.+70     	; 0x10a <I2C_Master_Init+0x64>
      c4:	40 31       	cpi	r20, 0x10	; 16
      c6:	91 f0       	breq	.+36     	; 0xec <I2C_Master_Init+0x46>
      c8:	40 34       	cpi	r20, 0x40	; 64
      ca:	c9 f0       	breq	.+50     	; 0xfe <I2C_Master_Init+0x58>
      cc:	1e c0       	rjmp	.+60     	; 0x10a <I2C_Master_Init+0x64>
      ce:	e9 eb       	ldi	r30, 0xB9	; 185
      d0:	f0 e0       	ldi	r31, 0x00	; 0
      d2:	80 81       	ld	r24, Z
      d4:	8c 7f       	andi	r24, 0xFC	; 252
      d6:	80 83       	st	Z, r24
      d8:	1e c0       	rjmp	.+60     	; 0x116 <I2C_Master_Init+0x70>
      da:	e9 eb       	ldi	r30, 0xB9	; 185
      dc:	f0 e0       	ldi	r31, 0x00	; 0
      de:	80 81       	ld	r24, Z
      e0:	8d 7f       	andi	r24, 0xFD	; 253
      e2:	80 83       	st	Z, r24
      e4:	80 81       	ld	r24, Z
      e6:	81 60       	ori	r24, 0x01	; 1
      e8:	80 83       	st	Z, r24
      ea:	15 c0       	rjmp	.+42     	; 0x116 <I2C_Master_Init+0x70>
      ec:	e9 eb       	ldi	r30, 0xB9	; 185
      ee:	f0 e0       	ldi	r31, 0x00	; 0
      f0:	80 81       	ld	r24, Z
      f2:	8e 7f       	andi	r24, 0xFE	; 254
      f4:	80 83       	st	Z, r24
      f6:	80 81       	ld	r24, Z
      f8:	82 60       	ori	r24, 0x02	; 2
      fa:	80 83       	st	Z, r24
      fc:	0c c0       	rjmp	.+24     	; 0x116 <I2C_Master_Init+0x70>
      fe:	e9 eb       	ldi	r30, 0xB9	; 185
     100:	f0 e0       	ldi	r31, 0x00	; 0
     102:	80 81       	ld	r24, Z
     104:	83 60       	ori	r24, 0x03	; 3
     106:	80 83       	st	Z, r24
     108:	06 c0       	rjmp	.+12     	; 0x116 <I2C_Master_Init+0x70>
     10a:	e9 eb       	ldi	r30, 0xB9	; 185
     10c:	f0 e0       	ldi	r31, 0x00	; 0
     10e:	80 81       	ld	r24, Z
     110:	8c 7f       	andi	r24, 0xFC	; 252
     112:	80 83       	st	Z, r24
     114:	c1 e0       	ldi	r28, 0x01	; 1
     116:	60 e0       	ldi	r22, 0x00	; 0
     118:	74 e2       	ldi	r23, 0x24	; 36
     11a:	84 ef       	ldi	r24, 0xF4	; 244
     11c:	90 e0       	ldi	r25, 0x00	; 0
     11e:	a9 01       	movw	r20, r18
     120:	98 01       	movw	r18, r16
     122:	0e 94 e4 05 	call	0xbc8	; 0xbc8 <__udivmodsi4>
     126:	ca 01       	movw	r24, r20
     128:	b9 01       	movw	r22, r18
     12a:	60 51       	subi	r22, 0x10	; 16
     12c:	71 09       	sbc	r23, r1
     12e:	81 09       	sbc	r24, r1
     130:	91 09       	sbc	r25, r1
     132:	4c 2f       	mov	r20, r28
     134:	50 e0       	ldi	r21, 0x00	; 0
     136:	9a 01       	movw	r18, r20
     138:	22 0f       	add	r18, r18
     13a:	33 1f       	adc	r19, r19
     13c:	03 2e       	mov	r0, r19
     13e:	00 0c       	add	r0, r0
     140:	44 0b       	sbc	r20, r20
     142:	55 0b       	sbc	r21, r21
     144:	0e 94 e4 05 	call	0xbc8	; 0xbc8 <__udivmodsi4>
     148:	20 93 b8 00 	sts	0x00B8, r18	; 0x8000b8 <__TEXT_REGION_LENGTH__+0x7f80b8>
     14c:	ec eb       	ldi	r30, 0xBC	; 188
     14e:	f0 e0       	ldi	r31, 0x00	; 0
     150:	80 81       	ld	r24, Z
     152:	84 60       	ori	r24, 0x04	; 4
     154:	80 83       	st	Z, r24
     156:	cf 91       	pop	r28
     158:	1f 91       	pop	r17
     15a:	0f 91       	pop	r16
     15c:	08 95       	ret

0000015e <I2C_Master_Start>:
     15e:	84 ea       	ldi	r24, 0xA4	; 164
     160:	80 93 bc 00 	sts	0x00BC, r24	; 0x8000bc <__TEXT_REGION_LENGTH__+0x7f80bc>
     164:	80 91 bc 00 	lds	r24, 0x00BC	; 0x8000bc <__TEXT_REGION_LENGTH__+0x7f80bc>
     168:	88 23       	and	r24, r24
     16a:	e4 f7       	brge	.-8      	; 0x164 <I2C_Master_Start+0x6>
     16c:	08 95       	ret

0000016e <I2C_Master_Stop>:
     16e:	84 e9       	ldi	r24, 0x94	; 148
     170:	80 93 bc 00 	sts	0x00BC, r24	; 0x8000bc <__TEXT_REGION_LENGTH__+0x7f80bc>
     174:	08 95       	ret

00000176 <I2C_Master_Write>:
     176:	80 93 bb 00 	sts	0x00BB, r24	; 0x8000bb <__TEXT_REGION_LENGTH__+0x7f80bb>
     17a:	84 e8       	ldi	r24, 0x84	; 132
     17c:	80 93 bc 00 	sts	0x00BC, r24	; 0x8000bc <__TEXT_REGION_LENGTH__+0x7f80bc>
     180:	80 91 bc 00 	lds	r24, 0x00BC	; 0x8000bc <__TEXT_REGION_LENGTH__+0x7f80bc>
     184:	88 23       	and	r24, r24
     186:	e4 f7       	brge	.-8      	; 0x180 <I2C_Master_Write+0xa>
     188:	80 91 b9 00 	lds	r24, 0x00B9	; 0x8000b9 <__TEXT_REGION_LENGTH__+0x7f80b9>
     18c:	88 7f       	andi	r24, 0xF8	; 248
     18e:	88 31       	cpi	r24, 0x18	; 24
     190:	31 f0       	breq	.+12     	; 0x19e <I2C_Master_Write+0x28>
     192:	88 32       	cpi	r24, 0x28	; 40
     194:	31 f0       	breq	.+12     	; 0x1a2 <I2C_Master_Write+0x2c>
     196:	80 34       	cpi	r24, 0x40	; 64
     198:	29 f4       	brne	.+10     	; 0x1a4 <I2C_Master_Write+0x2e>
     19a:	81 e0       	ldi	r24, 0x01	; 1
     19c:	08 95       	ret
     19e:	81 e0       	ldi	r24, 0x01	; 1
     1a0:	08 95       	ret
     1a2:	81 e0       	ldi	r24, 0x01	; 1
     1a4:	08 95       	ret

000001a6 <I2C_Master_Read>:
     1a6:	dc 01       	movw	r26, r24
     1a8:	66 23       	and	r22, r22
     1aa:	31 f0       	breq	.+12     	; 0x1b8 <I2C_Master_Read+0x12>
     1ac:	ec eb       	ldi	r30, 0xBC	; 188
     1ae:	f0 e0       	ldi	r31, 0x00	; 0
     1b0:	90 81       	ld	r25, Z
     1b2:	90 64       	ori	r25, 0x40	; 64
     1b4:	90 83       	st	Z, r25
     1b6:	05 c0       	rjmp	.+10     	; 0x1c2 <I2C_Master_Read+0x1c>
     1b8:	ec eb       	ldi	r30, 0xBC	; 188
     1ba:	f0 e0       	ldi	r31, 0x00	; 0
     1bc:	90 81       	ld	r25, Z
     1be:	9f 7b       	andi	r25, 0xBF	; 191
     1c0:	90 83       	st	Z, r25
     1c2:	ec eb       	ldi	r30, 0xBC	; 188
     1c4:	f0 e0       	ldi	r31, 0x00	; 0
     1c6:	90 81       	ld	r25, Z
     1c8:	90 68       	ori	r25, 0x80	; 128
     1ca:	90 83       	st	Z, r25
     1cc:	90 91 bc 00 	lds	r25, 0x00BC	; 0x8000bc <__TEXT_REGION_LENGTH__+0x7f80bc>
     1d0:	99 23       	and	r25, r25
     1d2:	e4 f7       	brge	.-8      	; 0x1cc <I2C_Master_Read+0x26>
     1d4:	90 91 b9 00 	lds	r25, 0x00B9	; 0x8000b9 <__TEXT_REGION_LENGTH__+0x7f80b9>
     1d8:	98 7f       	andi	r25, 0xF8	; 248
     1da:	98 35       	cpi	r25, 0x58	; 88
     1dc:	11 f0       	breq	.+4      	; 0x1e2 <I2C_Master_Read+0x3c>
     1de:	90 35       	cpi	r25, 0x50	; 80
     1e0:	29 f4       	brne	.+10     	; 0x1ec <I2C_Master_Read+0x46>
     1e2:	80 91 bb 00 	lds	r24, 0x00BB	; 0x8000bb <__TEXT_REGION_LENGTH__+0x7f80bb>
     1e6:	8c 93       	st	X, r24
     1e8:	81 e0       	ldi	r24, 0x01	; 1
     1ea:	08 95       	ret
     1ec:	89 2f       	mov	r24, r25
     1ee:	08 95       	ret

000001f0 <lcd_pulse_enable>:
#include <util/delay.h>
#include "LCD.h"

// Pulso de habilitación
void lcd_pulse_enable(void) {
	LCD_CTRL_PORT |= (1 << LCD_E);   // E = 1
     1f0:	85 b1       	in	r24, 0x05	; 5
     1f2:	80 61       	ori	r24, 0x10	; 16
     1f4:	85 b9       	out	0x05, r24	; 5
	#else
		//round up by default
		__ticks_dc = (uint32_t)(ceil(fabs(__tmp)));
	#endif

	__builtin_avr_delay_cycles(__ticks_dc);
     1f6:	85 e0       	ldi	r24, 0x05	; 5
     1f8:	8a 95       	dec	r24
     1fa:	f1 f7       	brne	.-4      	; 0x1f8 <lcd_pulse_enable+0x8>
     1fc:	00 00       	nop
	_delay_us(1);                    // Pulso mínimo
	LCD_CTRL_PORT &= ~(1 << LCD_E);  // E = 0
     1fe:	85 b1       	in	r24, 0x05	; 5
     200:	8f 7e       	andi	r24, 0xEF	; 239
     202:	85 b9       	out	0x05, r24	; 5
     204:	87 ec       	ldi	r24, 0xC7	; 199
     206:	90 e0       	ldi	r25, 0x00	; 0
     208:	01 97       	sbiw	r24, 0x01	; 1
     20a:	f1 f7       	brne	.-4      	; 0x208 <lcd_pulse_enable+0x18>
     20c:	00 c0       	rjmp	.+0      	; 0x20e <lcd_pulse_enable+0x1e>
     20e:	00 00       	nop
     210:	08 95       	ret

00000212 <lcd_send_data>:
	_delay_ms(2);
}

void lcd_send_data(uint8_t data) {
	// Limpiar solo los bits que vamos a usar
	PORTD &= 0x0F;  // Mantener bits 3,2,1,0 del PORTD, limpiar 7,6,5,4
     212:	9b b1       	in	r25, 0x0b	; 11
     214:	9f 70       	andi	r25, 0x0F	; 15
     216:	9b b9       	out	0x0b, r25	; 11
	PORTB &= 0xF0;  // Mantener bits 7,6,5,4 del PORTB, limpiar 3,2,1,0
     218:	95 b1       	in	r25, 0x05	; 5
     21a:	90 7f       	andi	r25, 0xF0	; 240
     21c:	95 b9       	out	0x05, r25	; 5
	
	// Distribuir los datos
	PORTD |= ((data & 0x0F) << 4);  // D0-D3 (bits 0-3) -> PD4-PD7
     21e:	9b b1       	in	r25, 0x0b	; 11
     220:	40 e1       	ldi	r20, 0x10	; 16
     222:	84 9f       	mul	r24, r20
     224:	90 01       	movw	r18, r0
     226:	11 24       	eor	r1, r1
     228:	29 2b       	or	r18, r25
     22a:	2b b9       	out	0x0b, r18	; 11
	PORTB |= ((data & 0xF0) >> 4);  // D4-D7 (bits 4-7) -> PB0-PB3
     22c:	95 b1       	in	r25, 0x05	; 5
     22e:	82 95       	swap	r24
     230:	8f 70       	andi	r24, 0x0F	; 15
     232:	89 2b       	or	r24, r25
     234:	85 b9       	out	0x05, r24	; 5
     236:	08 95       	ret

00000238 <lcd_command>:
	_delay_us(50);                   // Tiempo de setup
}

// Enviar comando a la LCD
void lcd_command(uint8_t cmd) {
	LCD_CTRL_PORT &= ~(1 << LCD_RS); // RS = 0 para comando
     238:	95 b1       	in	r25, 0x05	; 5
     23a:	9f 7d       	andi	r25, 0xDF	; 223
     23c:	95 b9       	out	0x05, r25	; 5
	lcd_send_data(cmd);             // Colocar comando en puerto de datos
     23e:	0e 94 09 01 	call	0x212	; 0x212 <lcd_send_data>
	lcd_pulse_enable();              // Generar pulso Enable
     242:	0e 94 f8 00 	call	0x1f0	; 0x1f0 <lcd_pulse_enable>
	#else
		//round up by default
		__ticks_dc = (uint32_t)(ceil(fabs(__tmp)));
	#endif

	__builtin_avr_delay_cycles(__ticks_dc);
     246:	8f e3       	ldi	r24, 0x3F	; 63
     248:	9f e1       	ldi	r25, 0x1F	; 31
     24a:	01 97       	sbiw	r24, 0x01	; 1
     24c:	f1 f7       	brne	.-4      	; 0x24a <lcd_command+0x12>
     24e:	00 c0       	rjmp	.+0      	; 0x250 <lcd_command+0x18>
     250:	00 00       	nop
     252:	08 95       	ret

00000254 <lcd_init>:
}

// Inicializar LCD
void lcd_init(void) {
	// Configurar pines como salida
	DDRD |= 0xF0;  // Bits 7,6,5,4 del PORTD como salida (parte alta)
     254:	8a b1       	in	r24, 0x0a	; 10
     256:	80 6f       	ori	r24, 0xF0	; 240
     258:	8a b9       	out	0x0a, r24	; 10
	DDRB |= 0x0F;  // Bits 3,2,1,0 del PORTB como salida (parte baja)
     25a:	84 b1       	in	r24, 0x04	; 4
     25c:	8f 60       	ori	r24, 0x0F	; 15
     25e:	84 b9       	out	0x04, r24	; 4
	LCD_CTRL_DDR |= (1 << LCD_RS) | (1 << LCD_E); // RS y E como salida
     260:	84 b1       	in	r24, 0x04	; 4
     262:	80 63       	ori	r24, 0x30	; 48
     264:	84 b9       	out	0x04, r24	; 4
     266:	2f ef       	ldi	r18, 0xFF	; 255
     268:	89 ef       	ldi	r24, 0xF9	; 249
     26a:	90 e0       	ldi	r25, 0x00	; 0
     26c:	21 50       	subi	r18, 0x01	; 1
     26e:	80 40       	sbci	r24, 0x00	; 0
     270:	90 40       	sbci	r25, 0x00	; 0
     272:	e1 f7       	brne	.-8      	; 0x26c <lcd_init+0x18>
     274:	00 c0       	rjmp	.+0      	; 0x276 <lcd_init+0x22>
     276:	00 00       	nop
	
	// Esperar estabilización de la alimentación
	_delay_ms(20);
	
	// Secuencia de inicialización por software (según datasheet HD44780)
	lcd_command(0x30);  // Function set: 8-bit
     278:	80 e3       	ldi	r24, 0x30	; 48
     27a:	0e 94 1c 01 	call	0x238	; 0x238 <lcd_command>
     27e:	8f e1       	ldi	r24, 0x1F	; 31
     280:	9e e4       	ldi	r25, 0x4E	; 78
     282:	01 97       	sbiw	r24, 0x01	; 1
     284:	f1 f7       	brne	.-4      	; 0x282 <lcd_init+0x2e>
     286:	00 c0       	rjmp	.+0      	; 0x288 <lcd_init+0x34>
     288:	00 00       	nop
	_delay_ms(5);
	lcd_command(0x30);  // Function set: 8-bit
     28a:	80 e3       	ldi	r24, 0x30	; 48
     28c:	0e 94 1c 01 	call	0x238	; 0x238 <lcd_command>
	#else
		//round up by default
		__ticks_dc = (uint32_t)(ceil(fabs(__tmp)));
	#endif

	__builtin_avr_delay_cycles(__ticks_dc);
     290:	8f e8       	ldi	r24, 0x8F	; 143
     292:	91 e0       	ldi	r25, 0x01	; 1
     294:	01 97       	sbiw	r24, 0x01	; 1
     296:	f1 f7       	brne	.-4      	; 0x294 <lcd_init+0x40>
     298:	00 c0       	rjmp	.+0      	; 0x29a <lcd_init+0x46>
     29a:	00 00       	nop
	_delay_us(100);
	lcd_command(0x30);  // Function set: 8-bit
     29c:	80 e3       	ldi	r24, 0x30	; 48
     29e:	0e 94 1c 01 	call	0x238	; 0x238 <lcd_command>
	
	// Configuración final de la LCD
	lcd_command(LCD_FUNCTION_SET);   // 8-bit, 2 líneas, 5x7 dots
     2a2:	88 e3       	ldi	r24, 0x38	; 56
     2a4:	0e 94 1c 01 	call	0x238	; 0x238 <lcd_command>
	lcd_command(LCD_DISPLAY_OFF);    // Display off
     2a8:	88 e0       	ldi	r24, 0x08	; 8
     2aa:	0e 94 1c 01 	call	0x238	; 0x238 <lcd_command>
	lcd_command(LCD_CLEAR);          // Clear display
     2ae:	81 e0       	ldi	r24, 0x01	; 1
     2b0:	0e 94 1c 01 	call	0x238	; 0x238 <lcd_command>
	lcd_command(LCD_ENTRY_MODE);     // Entry mode: incrementar cursor
     2b4:	86 e0       	ldi	r24, 0x06	; 6
     2b6:	0e 94 1c 01 	call	0x238	; 0x238 <lcd_command>
	lcd_command(LCD_DISPLAY_ON);     // Display on, cursor off
     2ba:	8c e0       	ldi	r24, 0x0C	; 12
     2bc:	0e 94 1c 01 	call	0x238	; 0x238 <lcd_command>
     2c0:	08 95       	ret

000002c2 <lcd_set_cursor>:
}

// Posicionar cursor
void lcd_set_cursor(uint8_t row, uint8_t col) {
	uint8_t address;
	if(row == 0) {
     2c2:	81 11       	cpse	r24, r1
		address = 0x00 + col;  // Primera línea
		} else {
		address = 0x40 + col;  // Segunda línea
     2c4:	60 5c       	subi	r22, 0xC0	; 192
	}
	lcd_command(LCD_SET_CURSOR | address);
     2c6:	86 2f       	mov	r24, r22
     2c8:	80 68       	ori	r24, 0x80	; 128
     2ca:	0e 94 1c 01 	call	0x238	; 0x238 <lcd_command>
     2ce:	08 95       	ret

000002d0 <lcd_clear>:
}

// Limpiar pantalla
void lcd_clear(void) {
	lcd_command(LCD_CLEAR);
     2d0:	81 e0       	ldi	r24, 0x01	; 1
     2d2:	0e 94 1c 01 	call	0x238	; 0x238 <lcd_command>
	#else
		//round up by default
		__ticks_dc = (uint32_t)(ceil(fabs(__tmp)));
	#endif

	__builtin_avr_delay_cycles(__ticks_dc);
     2d6:	8f e3       	ldi	r24, 0x3F	; 63
     2d8:	9f e1       	ldi	r25, 0x1F	; 31
     2da:	01 97       	sbiw	r24, 0x01	; 1
     2dc:	f1 f7       	brne	.-4      	; 0x2da <lcd_clear+0xa>
     2de:	00 c0       	rjmp	.+0      	; 0x2e0 <lcd_clear+0x10>
     2e0:	00 00       	nop
     2e2:	08 95       	ret

000002e4 <lcd_data>:
	_delay_ms(2);                    // Tiempo de ejecución del comando
}

// Enviar dato a la LCD
void lcd_data(uint8_t data) {
	LCD_CTRL_PORT |= (1 << LCD_RS);  // RS = 1 para datos
     2e4:	95 b1       	in	r25, 0x05	; 5
     2e6:	90 62       	ori	r25, 0x20	; 32
     2e8:	95 b9       	out	0x05, r25	; 5
	lcd_send_data(data);            // Colocar dato en puerto de datos
     2ea:	0e 94 09 01 	call	0x212	; 0x212 <lcd_send_data>
	lcd_pulse_enable();              // Generar pulso Enable
     2ee:	0e 94 f8 00 	call	0x1f0	; 0x1f0 <lcd_pulse_enable>
	#else
		//round up by default
		__ticks_dc = (uint32_t)(ceil(fabs(__tmp)));
	#endif

	__builtin_avr_delay_cycles(__ticks_dc);
     2f2:	87 ec       	ldi	r24, 0xC7	; 199
     2f4:	90 e0       	ldi	r25, 0x00	; 0
     2f6:	01 97       	sbiw	r24, 0x01	; 1
     2f8:	f1 f7       	brne	.-4      	; 0x2f6 <lcd_data+0x12>
     2fa:	00 c0       	rjmp	.+0      	; 0x2fc <lcd_data+0x18>
     2fc:	00 00       	nop
     2fe:	08 95       	ret

00000300 <lcd_string>:
	lcd_command(LCD_ENTRY_MODE);     // Entry mode: incrementar cursor
	lcd_command(LCD_DISPLAY_ON);     // Display on, cursor off
}

// Mostrar cadena de caracteres
void lcd_string(char* str) {
     300:	cf 93       	push	r28
     302:	df 93       	push	r29
     304:	ec 01       	movw	r28, r24
	while(*str) {
     306:	03 c0       	rjmp	.+6      	; 0x30e <lcd_string+0xe>
		lcd_data(*str++);
     308:	21 96       	adiw	r28, 0x01	; 1
     30a:	0e 94 72 01 	call	0x2e4	; 0x2e4 <lcd_data>
	lcd_command(LCD_DISPLAY_ON);     // Display on, cursor off
}

// Mostrar cadena de caracteres
void lcd_string(char* str) {
	while(*str) {
     30e:	88 81       	ld	r24, Y
     310:	81 11       	cpse	r24, r1
     312:	fa cf       	rjmp	.-12     	; 0x308 <lcd_string+0x8>
		lcd_data(*str++);
	}
}
     314:	df 91       	pop	r29
     316:	cf 91       	pop	r28
     318:	08 95       	ret

0000031a <UART_Init>:

// ========================
// UART sencillo
// ========================
static void UART_Init(unsigned int ubrr) {
    UBRR0H = (unsigned char)(ubrr>>8);
     31a:	90 93 c5 00 	sts	0x00C5, r25	; 0x8000c5 <__TEXT_REGION_LENGTH__+0x7f80c5>
    UBRR0L = (unsigned char)ubrr;
     31e:	80 93 c4 00 	sts	0x00C4, r24	; 0x8000c4 <__TEXT_REGION_LENGTH__+0x7f80c4>
    UCSR0B = (1<<RXEN0)|(1<<TXEN0);
     322:	88 e1       	ldi	r24, 0x18	; 24
     324:	80 93 c1 00 	sts	0x00C1, r24	; 0x8000c1 <__TEXT_REGION_LENGTH__+0x7f80c1>
    UCSR0C = (1<<UCSZ01)|(1<<UCSZ00); // 8 bits, 1 stop, sin paridad
     328:	86 e0       	ldi	r24, 0x06	; 6
     32a:	80 93 c2 00 	sts	0x00C2, r24	; 0x8000c2 <__TEXT_REGION_LENGTH__+0x7f80c2>
     32e:	08 95       	ret

00000330 <UART_ReadChar>:
static inline uint8_t UART_Available(void) {
    return (UCSR0A & (1<<RXC0));
}

static char UART_ReadChar(void) {
    while(!(UCSR0A & (1<<RXC0)));
     330:	80 91 c0 00 	lds	r24, 0x00C0	; 0x8000c0 <__TEXT_REGION_LENGTH__+0x7f80c0>
     334:	88 23       	and	r24, r24
     336:	e4 f7       	brge	.-8      	; 0x330 <UART_ReadChar>
    return UDR0;
     338:	80 91 c6 00 	lds	r24, 0x00C6	; 0x8000c6 <__TEXT_REGION_LENGTH__+0x7f80c6>
}
     33c:	08 95       	ret

0000033e <UART_SendChar>:

static void UART_SendChar(char c){
    while(!(UCSR0A & (1<<UDRE0)));
     33e:	90 91 c0 00 	lds	r25, 0x00C0	; 0x8000c0 <__TEXT_REGION_LENGTH__+0x7f80c0>
     342:	95 ff       	sbrs	r25, 5
     344:	fc cf       	rjmp	.-8      	; 0x33e <UART_SendChar>
    UDR0 = c;
     346:	80 93 c6 00 	sts	0x00C6, r24	; 0x8000c6 <__TEXT_REGION_LENGTH__+0x7f80c6>
     34a:	08 95       	ret

0000034c <UART_SendString>:
}

static void UART_SendString(const char *s){
     34c:	cf 93       	push	r28
     34e:	df 93       	push	r29
     350:	ec 01       	movw	r28, r24
    while(*s){ UART_SendChar(*s++); }
     352:	03 c0       	rjmp	.+6      	; 0x35a <UART_SendString+0xe>
     354:	21 96       	adiw	r28, 0x01	; 1
     356:	0e 94 9f 01 	call	0x33e	; 0x33e <UART_SendChar>
     35a:	88 81       	ld	r24, Y
     35c:	81 11       	cpse	r24, r1
     35e:	fa cf       	rjmp	.-12     	; 0x354 <UART_SendString+0x8>
}
     360:	df 91       	pop	r29
     362:	cf 91       	pop	r28
     364:	08 95       	ret

00000366 <bytes_to_hex>:

// ========================
// Utilidades
// ========================

static void bytes_to_hex(const uint8_t *in, uint8_t len, char *out){
     366:	cf 93       	push	r28
     368:	df 93       	push	r29
    static const char hexchars[] = "0123456789ABCDEF";
    for(uint8_t i=0;i<len;i++){
     36a:	70 e0       	ldi	r23, 0x00	; 0
     36c:	1f c0       	rjmp	.+62     	; 0x3ac <bytes_to_hex+0x46>
        out[2*i]   = hexchars[(in[i]>>4) & 0x0F];
     36e:	c7 2f       	mov	r28, r23
     370:	d0 e0       	ldi	r29, 0x00	; 0
     372:	9e 01       	movw	r18, r28
     374:	22 0f       	add	r18, r18
     376:	33 1f       	adc	r19, r19
     378:	da 01       	movw	r26, r20
     37a:	a2 0f       	add	r26, r18
     37c:	b3 1f       	adc	r27, r19
     37e:	c8 0f       	add	r28, r24
     380:	d9 1f       	adc	r29, r25
     382:	e8 81       	ld	r30, Y
     384:	e2 95       	swap	r30
     386:	ef 70       	andi	r30, 0x0F	; 15
     388:	f0 e0       	ldi	r31, 0x00	; 0
     38a:	ea 5c       	subi	r30, 0xCA	; 202
     38c:	fd 4f       	sbci	r31, 0xFD	; 253
     38e:	e0 81       	ld	r30, Z
     390:	ec 93       	st	X, r30
        out[2*i+1] = hexchars[in[i] & 0x0F];
     392:	2f 5f       	subi	r18, 0xFF	; 255
     394:	3f 4f       	sbci	r19, 0xFF	; 255
     396:	da 01       	movw	r26, r20
     398:	a2 0f       	add	r26, r18
     39a:	b3 1f       	adc	r27, r19
     39c:	e8 81       	ld	r30, Y
     39e:	ef 70       	andi	r30, 0x0F	; 15
     3a0:	f0 e0       	ldi	r31, 0x00	; 0
     3a2:	ea 5c       	subi	r30, 0xCA	; 202
     3a4:	fd 4f       	sbci	r31, 0xFD	; 253
     3a6:	20 81       	ld	r18, Z
     3a8:	2c 93       	st	X, r18
// Utilidades
// ========================

static void bytes_to_hex(const uint8_t *in, uint8_t len, char *out){
    static const char hexchars[] = "0123456789ABCDEF";
    for(uint8_t i=0;i<len;i++){
     3aa:	7f 5f       	subi	r23, 0xFF	; 255
     3ac:	76 17       	cp	r23, r22
     3ae:	f8 f2       	brcs	.-66     	; 0x36e <bytes_to_hex+0x8>
        out[2*i]   = hexchars[(in[i]>>4) & 0x0F];
        out[2*i+1] = hexchars[in[i] & 0x0F];
    }
    out[2*len] = '\0';
     3b0:	70 e0       	ldi	r23, 0x00	; 0
     3b2:	66 0f       	add	r22, r22
     3b4:	77 1f       	adc	r23, r23
     3b6:	fa 01       	movw	r30, r20
     3b8:	e6 0f       	add	r30, r22
     3ba:	f7 1f       	adc	r31, r23
     3bc:	10 82       	st	Z, r1
}
     3be:	df 91       	pop	r29
     3c0:	cf 91       	pop	r28
     3c2:	08 95       	ret

000003c4 <lcd_print_NFC>:
	lcd_string("E:");
	lcd_string(buf);
}

// ==================== IMPRIMIR NFC ====================
static void lcd_print_NFC(const char *uid){
     3c4:	cf 93       	push	r28
     3c6:	df 93       	push	r29
     3c8:	ec 01       	movw	r28, r24
	lcd_set_cursor(1,0);
     3ca:	60 e0       	ldi	r22, 0x00	; 0
     3cc:	81 e0       	ldi	r24, 0x01	; 1
     3ce:	0e 94 61 01 	call	0x2c2	; 0x2c2 <lcd_set_cursor>
	lcd_string("NFC:");
     3d2:	88 e0       	ldi	r24, 0x08	; 8
     3d4:	91 e0       	ldi	r25, 0x01	; 1
     3d6:	0e 94 80 01 	call	0x300	; 0x300 <lcd_string>
	lcd_string(uid);   // imprime la contraseña/UID completa
     3da:	ce 01       	movw	r24, r28
     3dc:	0e 94 80 01 	call	0x300	; 0x300 <lcd_string>
}
     3e0:	df 91       	pop	r29
     3e2:	cf 91       	pop	r28
     3e4:	08 95       	ret

000003e6 <lcd_print_Peso>:
// LCD
// ========================


// ==================== IMPRIMIR PESO ====================
static void lcd_print_Peso(int peso) {
     3e6:	0f 93       	push	r16
     3e8:	1f 93       	push	r17
     3ea:	cf 93       	push	r28
     3ec:	df 93       	push	r29
     3ee:	00 d0       	rcall	.+0      	; 0x3f0 <lcd_print_Peso+0xa>
     3f0:	00 d0       	rcall	.+0      	; 0x3f2 <lcd_print_Peso+0xc>
     3f2:	00 d0       	rcall	.+0      	; 0x3f4 <lcd_print_Peso+0xe>
     3f4:	cd b7       	in	r28, 0x3d	; 61
     3f6:	de b7       	in	r29, 0x3e	; 62
	char buf[6];
	snprintf(buf, sizeof(buf), "%03d", peso);   // siempre 3 dígitos
     3f8:	9f 93       	push	r25
     3fa:	8f 93       	push	r24
     3fc:	8d e0       	ldi	r24, 0x0D	; 13
     3fe:	91 e0       	ldi	r25, 0x01	; 1
     400:	9f 93       	push	r25
     402:	8f 93       	push	r24
     404:	1f 92       	push	r1
     406:	86 e0       	ldi	r24, 0x06	; 6
     408:	8f 93       	push	r24
     40a:	8e 01       	movw	r16, r28
     40c:	0f 5f       	subi	r16, 0xFF	; 255
     40e:	1f 4f       	sbci	r17, 0xFF	; 255
     410:	1f 93       	push	r17
     412:	0f 93       	push	r16
     414:	0e 94 4a 06 	call	0xc94	; 0xc94 <snprintf>
	lcd_set_cursor(0,0);
     418:	60 e0       	ldi	r22, 0x00	; 0
     41a:	80 e0       	ldi	r24, 0x00	; 0
     41c:	0e 94 61 01 	call	0x2c2	; 0x2c2 <lcd_set_cursor>
	lcd_string("P:");
     420:	82 e1       	ldi	r24, 0x12	; 18
     422:	91 e0       	ldi	r25, 0x01	; 1
     424:	0e 94 80 01 	call	0x300	; 0x300 <lcd_string>
	lcd_string(buf);
     428:	c8 01       	movw	r24, r16
     42a:	0e 94 80 01 	call	0x300	; 0x300 <lcd_string>
	lcd_string("g ");   // agrega espacios para limpiar basura
     42e:	85 e1       	ldi	r24, 0x15	; 21
     430:	91 e0       	ldi	r25, 0x01	; 1
     432:	0e 94 80 01 	call	0x300	; 0x300 <lcd_string>
}
     436:	0f b6       	in	r0, 0x3f	; 63
     438:	f8 94       	cli
     43a:	de bf       	out	0x3e, r29	; 62
     43c:	0f be       	out	0x3f, r0	; 63
     43e:	cd bf       	out	0x3d, r28	; 61
     440:	26 96       	adiw	r28, 0x06	; 6
     442:	0f b6       	in	r0, 0x3f	; 63
     444:	f8 94       	cli
     446:	de bf       	out	0x3e, r29	; 62
     448:	0f be       	out	0x3f, r0	; 63
     44a:	cd bf       	out	0x3d, r28	; 61
     44c:	df 91       	pop	r29
     44e:	cf 91       	pop	r28
     450:	1f 91       	pop	r17
     452:	0f 91       	pop	r16
     454:	08 95       	ret

00000456 <lcd_print_Distancia>:

// ==================== IMPRIMIR DISTANCIA ====================
static void lcd_print_Distancia(int dist){
     456:	0f 93       	push	r16
     458:	1f 93       	push	r17
     45a:	cf 93       	push	r28
     45c:	df 93       	push	r29
     45e:	00 d0       	rcall	.+0      	; 0x460 <lcd_print_Distancia+0xa>
     460:	00 d0       	rcall	.+0      	; 0x462 <lcd_print_Distancia+0xc>
     462:	00 d0       	rcall	.+0      	; 0x464 <lcd_print_Distancia+0xe>
     464:	cd b7       	in	r28, 0x3d	; 61
     466:	de b7       	in	r29, 0x3e	; 62
	char buf[6];
	if(dist > 999) dist = 999;                  // límite de 3 dígitos
     468:	88 3e       	cpi	r24, 0xE8	; 232
     46a:	23 e0       	ldi	r18, 0x03	; 3
     46c:	92 07       	cpc	r25, r18
     46e:	14 f0       	brlt	.+4      	; 0x474 <lcd_print_Distancia+0x1e>
     470:	87 ee       	ldi	r24, 0xE7	; 231
     472:	93 e0       	ldi	r25, 0x03	; 3
	snprintf(buf, sizeof(buf), "%03d ", dist);
     474:	9f 93       	push	r25
     476:	8f 93       	push	r24
     478:	88 e1       	ldi	r24, 0x18	; 24
     47a:	91 e0       	ldi	r25, 0x01	; 1
     47c:	9f 93       	push	r25
     47e:	8f 93       	push	r24
     480:	1f 92       	push	r1
     482:	86 e0       	ldi	r24, 0x06	; 6
     484:	8f 93       	push	r24
     486:	8e 01       	movw	r16, r28
     488:	0f 5f       	subi	r16, 0xFF	; 255
     48a:	1f 4f       	sbci	r17, 0xFF	; 255
     48c:	1f 93       	push	r17
     48e:	0f 93       	push	r16
     490:	0e 94 4a 06 	call	0xc94	; 0xc94 <snprintf>
	lcd_set_cursor(0,7);
     494:	67 e0       	ldi	r22, 0x07	; 7
     496:	80 e0       	ldi	r24, 0x00	; 0
     498:	0e 94 61 01 	call	0x2c2	; 0x2c2 <lcd_set_cursor>
	lcd_string("D:");
     49c:	8e e1       	ldi	r24, 0x1E	; 30
     49e:	91 e0       	ldi	r25, 0x01	; 1
     4a0:	0e 94 80 01 	call	0x300	; 0x300 <lcd_string>
	lcd_string(buf);
     4a4:	c8 01       	movw	r24, r16
     4a6:	0e 94 80 01 	call	0x300	; 0x300 <lcd_string>
}
     4aa:	0f b6       	in	r0, 0x3f	; 63
     4ac:	f8 94       	cli
     4ae:	de bf       	out	0x3e, r29	; 62
     4b0:	0f be       	out	0x3f, r0	; 63
     4b2:	cd bf       	out	0x3d, r28	; 61
     4b4:	26 96       	adiw	r28, 0x06	; 6
     4b6:	0f b6       	in	r0, 0x3f	; 63
     4b8:	f8 94       	cli
     4ba:	de bf       	out	0x3e, r29	; 62
     4bc:	0f be       	out	0x3f, r0	; 63
     4be:	cd bf       	out	0x3d, r28	; 61
     4c0:	df 91       	pop	r29
     4c2:	cf 91       	pop	r28
     4c4:	1f 91       	pop	r17
     4c6:	0f 91       	pop	r16
     4c8:	08 95       	ret

000004ca <lcd_print_Elevador>:

// ==================== IMPRIMIR ELEVADOR ====================
static void lcd_print_Elevador(int nivel){
     4ca:	0f 93       	push	r16
     4cc:	1f 93       	push	r17
     4ce:	cf 93       	push	r28
     4d0:	df 93       	push	r29
     4d2:	00 d0       	rcall	.+0      	; 0x4d4 <lcd_print_Elevador+0xa>
     4d4:	00 d0       	rcall	.+0      	; 0x4d6 <lcd_print_Elevador+0xc>
     4d6:	cd b7       	in	r28, 0x3d	; 61
     4d8:	de b7       	in	r29, 0x3e	; 62
	char buf[4];
	snprintf(buf, sizeof(buf), "%d", nivel);
     4da:	9f 93       	push	r25
     4dc:	8f 93       	push	r24
     4de:	81 e2       	ldi	r24, 0x21	; 33
     4e0:	91 e0       	ldi	r25, 0x01	; 1
     4e2:	9f 93       	push	r25
     4e4:	8f 93       	push	r24
     4e6:	1f 92       	push	r1
     4e8:	84 e0       	ldi	r24, 0x04	; 4
     4ea:	8f 93       	push	r24
     4ec:	8e 01       	movw	r16, r28
     4ee:	0f 5f       	subi	r16, 0xFF	; 255
     4f0:	1f 4f       	sbci	r17, 0xFF	; 255
     4f2:	1f 93       	push	r17
     4f4:	0f 93       	push	r16
     4f6:	0e 94 4a 06 	call	0xc94	; 0xc94 <snprintf>
	lcd_set_cursor(0,13);
     4fa:	6d e0       	ldi	r22, 0x0D	; 13
     4fc:	80 e0       	ldi	r24, 0x00	; 0
     4fe:	0e 94 61 01 	call	0x2c2	; 0x2c2 <lcd_set_cursor>
	lcd_string("E:");
     502:	84 e2       	ldi	r24, 0x24	; 36
     504:	91 e0       	ldi	r25, 0x01	; 1
     506:	0e 94 80 01 	call	0x300	; 0x300 <lcd_string>
	lcd_string(buf);
     50a:	c8 01       	movw	r24, r16
     50c:	0e 94 80 01 	call	0x300	; 0x300 <lcd_string>
}
     510:	0f b6       	in	r0, 0x3f	; 63
     512:	f8 94       	cli
     514:	de bf       	out	0x3e, r29	; 62
     516:	0f be       	out	0x3f, r0	; 63
     518:	cd bf       	out	0x3d, r28	; 61
     51a:	0f 90       	pop	r0
     51c:	0f 90       	pop	r0
     51e:	0f 90       	pop	r0
     520:	0f 90       	pop	r0
     522:	df 91       	pop	r29
     524:	cf 91       	pop	r28
     526:	1f 91       	pop	r17
     528:	0f 91       	pop	r16
     52a:	08 95       	ret

0000052c <leer_peso>:
// ========================
// Lecturas I2C
// ========================


static uint8_t leer_peso(uint8_t *ent, uint8_t *dec){
     52c:	ef 92       	push	r14
     52e:	ff 92       	push	r15
     530:	0f 93       	push	r16
     532:	1f 93       	push	r17
     534:	cf 93       	push	r28
     536:	7c 01       	movw	r14, r24
     538:	8b 01       	movw	r16, r22
    uint8_t ok;

    I2C_Master_Start();
     53a:	0e 94 af 00 	call	0x15e	; 0x15e <I2C_Master_Start>
    ok = I2C_Master_Write((SLAVE_PESO<<1) | 0x00);
     53e:	80 e4       	ldi	r24, 0x40	; 64
     540:	0e 94 bb 00 	call	0x176	; 0x176 <I2C_Master_Write>
     544:	c8 2f       	mov	r28, r24
    ok &= I2C_Master_Write('R');
     546:	82 e5       	ldi	r24, 0x52	; 82
     548:	0e 94 bb 00 	call	0x176	; 0x176 <I2C_Master_Write>
     54c:	c8 23       	and	r28, r24
    I2C_Master_Stop();
     54e:	0e 94 b7 00 	call	0x16e	; 0x16e <I2C_Master_Stop>
    if(!ok) return 0;
     552:	cc 23       	and	r28, r28
     554:	f9 f0       	breq	.+62     	; 0x594 <leer_peso+0x68>
	#else
		//round up by default
		__ticks_dc = (uint32_t)(ceil(fabs(__tmp)));
	#endif

	__builtin_avr_delay_cycles(__ticks_dc);
     556:	8f e1       	ldi	r24, 0x1F	; 31
     558:	9e e4       	ldi	r25, 0x4E	; 78
     55a:	01 97       	sbiw	r24, 0x01	; 1
     55c:	f1 f7       	brne	.-4      	; 0x55a <leer_peso+0x2e>
     55e:	00 c0       	rjmp	.+0      	; 0x560 <leer_peso+0x34>
     560:	00 00       	nop

    _delay_ms(5);

    I2C_Master_Start();
     562:	0e 94 af 00 	call	0x15e	; 0x15e <I2C_Master_Start>
    ok = I2C_Master_Write((SLAVE_PESO<<1) | 0x01);
     566:	81 e4       	ldi	r24, 0x41	; 65
     568:	0e 94 bb 00 	call	0x176	; 0x176 <I2C_Master_Write>
    if(!ok){ I2C_Master_Stop(); return 0; }
     56c:	81 11       	cpse	r24, r1
     56e:	04 c0       	rjmp	.+8      	; 0x578 <leer_peso+0x4c>
     570:	0e 94 b7 00 	call	0x16e	; 0x16e <I2C_Master_Stop>
     574:	80 e0       	ldi	r24, 0x00	; 0
     576:	0f c0       	rjmp	.+30     	; 0x596 <leer_peso+0x6a>

    ok = I2C_Master_Read(ent, 1);
     578:	61 e0       	ldi	r22, 0x01	; 1
     57a:	c7 01       	movw	r24, r14
     57c:	0e 94 d3 00 	call	0x1a6	; 0x1a6 <I2C_Master_Read>
     580:	c8 2f       	mov	r28, r24
    ok &= I2C_Master_Read(dec, 0);
     582:	60 e0       	ldi	r22, 0x00	; 0
     584:	c8 01       	movw	r24, r16
     586:	0e 94 d3 00 	call	0x1a6	; 0x1a6 <I2C_Master_Read>
     58a:	c8 23       	and	r28, r24
    I2C_Master_Stop();
     58c:	0e 94 b7 00 	call	0x16e	; 0x16e <I2C_Master_Stop>

    return ok;
     590:	8c 2f       	mov	r24, r28
     592:	01 c0       	rjmp	.+2      	; 0x596 <leer_peso+0x6a>

    I2C_Master_Start();
    ok = I2C_Master_Write((SLAVE_PESO<<1) | 0x00);
    ok &= I2C_Master_Write('R');
    I2C_Master_Stop();
    if(!ok) return 0;
     594:	80 e0       	ldi	r24, 0x00	; 0
    ok = I2C_Master_Read(ent, 1);
    ok &= I2C_Master_Read(dec, 0);
    I2C_Master_Stop();

    return ok;
}
     596:	cf 91       	pop	r28
     598:	1f 91       	pop	r17
     59a:	0f 91       	pop	r16
     59c:	ff 90       	pop	r15
     59e:	ef 90       	pop	r14
     5a0:	08 95       	ret

000005a2 <leer_uid_nfc>:


static uint8_t leer_uid_nfc(uint8_t *uid){
     5a2:	0f 93       	push	r16
     5a4:	1f 93       	push	r17
     5a6:	cf 93       	push	r28
     5a8:	df 93       	push	r29
     5aa:	8c 01       	movw	r16, r24
    uint8_t ok;

    I2C_Master_Start();
     5ac:	0e 94 af 00 	call	0x15e	; 0x15e <I2C_Master_Start>
    ok = I2C_Master_Write((SLAVE_NFC<<1) | 0x00);
     5b0:	80 e6       	ldi	r24, 0x60	; 96
     5b2:	0e 94 bb 00 	call	0x176	; 0x176 <I2C_Master_Write>
     5b6:	c8 2f       	mov	r28, r24
    ok &= I2C_Master_Write('R');
     5b8:	82 e5       	ldi	r24, 0x52	; 82
     5ba:	0e 94 bb 00 	call	0x176	; 0x176 <I2C_Master_Write>
     5be:	c8 23       	and	r28, r24
    I2C_Master_Stop();
     5c0:	0e 94 b7 00 	call	0x16e	; 0x16e <I2C_Master_Stop>
    if(!ok) return 0;
     5c4:	cc 23       	and	r28, r28
     5c6:	29 f1       	breq	.+74     	; 0x612 <leer_uid_nfc+0x70>
     5c8:	8f e1       	ldi	r24, 0x1F	; 31
     5ca:	9e e4       	ldi	r25, 0x4E	; 78
     5cc:	01 97       	sbiw	r24, 0x01	; 1
     5ce:	f1 f7       	brne	.-4      	; 0x5cc <leer_uid_nfc+0x2a>
     5d0:	00 c0       	rjmp	.+0      	; 0x5d2 <leer_uid_nfc+0x30>
     5d2:	00 00       	nop

    _delay_ms(5);

    I2C_Master_Start();
     5d4:	0e 94 af 00 	call	0x15e	; 0x15e <I2C_Master_Start>
    ok = I2C_Master_Write((SLAVE_NFC<<1) | 0x01);
     5d8:	81 e6       	ldi	r24, 0x61	; 97
     5da:	0e 94 bb 00 	call	0x176	; 0x176 <I2C_Master_Write>
     5de:	d8 2f       	mov	r29, r24
    if(!ok){ I2C_Master_Stop(); return 0; }
     5e0:	81 11       	cpse	r24, r1
     5e2:	10 c0       	rjmp	.+32     	; 0x604 <leer_uid_nfc+0x62>
     5e4:	0e 94 b7 00 	call	0x16e	; 0x16e <I2C_Master_Stop>
     5e8:	80 e0       	ldi	r24, 0x00	; 0
     5ea:	14 c0       	rjmp	.+40     	; 0x614 <leer_uid_nfc+0x72>

    for(uint8_t i=0;i<UID_LEN;i++){
        uint8_t ack = (i < (UID_LEN-1)) ? 1 : 0;
     5ec:	61 e0       	ldi	r22, 0x01	; 1
     5ee:	c4 30       	cpi	r28, 0x04	; 4
     5f0:	08 f0       	brcs	.+2      	; 0x5f4 <leer_uid_nfc+0x52>
     5f2:	60 e0       	ldi	r22, 0x00	; 0
        ok &= I2C_Master_Read(&uid[i], ack);
     5f4:	c8 01       	movw	r24, r16
     5f6:	8c 0f       	add	r24, r28
     5f8:	91 1d       	adc	r25, r1
     5fa:	0e 94 d3 00 	call	0x1a6	; 0x1a6 <I2C_Master_Read>
     5fe:	d8 23       	and	r29, r24

    I2C_Master_Start();
    ok = I2C_Master_Write((SLAVE_NFC<<1) | 0x01);
    if(!ok){ I2C_Master_Stop(); return 0; }

    for(uint8_t i=0;i<UID_LEN;i++){
     600:	cf 5f       	subi	r28, 0xFF	; 255
     602:	01 c0       	rjmp	.+2      	; 0x606 <leer_uid_nfc+0x64>
     604:	c0 e0       	ldi	r28, 0x00	; 0
     606:	c5 30       	cpi	r28, 0x05	; 5
     608:	88 f3       	brcs	.-30     	; 0x5ec <leer_uid_nfc+0x4a>
        uint8_t ack = (i < (UID_LEN-1)) ? 1 : 0;
        ok &= I2C_Master_Read(&uid[i], ack);
    }
    I2C_Master_Stop();
     60a:	0e 94 b7 00 	call	0x16e	; 0x16e <I2C_Master_Stop>

    return ok;
     60e:	8d 2f       	mov	r24, r29
     610:	01 c0       	rjmp	.+2      	; 0x614 <leer_uid_nfc+0x72>

    I2C_Master_Start();
    ok = I2C_Master_Write((SLAVE_NFC<<1) | 0x00);
    ok &= I2C_Master_Write('R');
    I2C_Master_Stop();
    if(!ok) return 0;
     612:	80 e0       	ldi	r24, 0x00	; 0
        ok &= I2C_Master_Read(&uid[i], ack);
    }
    I2C_Master_Stop();

    return ok;
}
     614:	df 91       	pop	r29
     616:	cf 91       	pop	r28
     618:	1f 91       	pop	r17
     61a:	0f 91       	pop	r16
     61c:	08 95       	ret

0000061e <es_tarjeta_autorizada>:
        out[2*i+1] = hexchars[in[i] & 0x0F];
    }
    out[2*len] = '\0';
}

uint8_t es_tarjeta_autorizada(const char *uid_hex) {
     61e:	0f 93       	push	r16
     620:	1f 93       	push	r17
     622:	cf 93       	push	r28
     624:	df 93       	push	r29
     626:	8c 01       	movw	r16, r24
	uint8_t ok1 = 1;
	uint8_t autorizada = 0;

	for (int i = 0; i < AUTHORIZED_COUNT; i++) {
     628:	c0 e0       	ldi	r28, 0x00	; 0
     62a:	d0 e0       	ldi	r29, 0x00	; 0
     62c:	4d c0       	rjmp	.+154    	; 0x6c8 <es_tarjeta_autorizada+0xaa>
		if (strcmp(uid_hex, tarjetas_autorizadas[i]) == 0) {
     62e:	fe 01       	movw	r30, r28
     630:	ee 0f       	add	r30, r30
     632:	ff 1f       	adc	r31, r31
     634:	ec 5f       	subi	r30, 0xFC	; 252
     636:	fe 4f       	sbci	r31, 0xFE	; 254
     638:	60 81       	ld	r22, Z
     63a:	71 81       	ldd	r23, Z+1	; 0x01
     63c:	c8 01       	movw	r24, r16
     63e:	0e 94 24 06 	call	0xc48	; 0xc48 <strcmp>
     642:	89 2b       	or	r24, r25
     644:	09 f0       	breq	.+2      	; 0x648 <es_tarjeta_autorizada+0x2a>
     646:	3f c0       	rjmp	.+126    	; 0x6c6 <es_tarjeta_autorizada+0xa8>
			// Tarjeta válida
			autorizada = 1;

			// Enviar comando 'T' al esclavo NFC
			I2C_Master_Start();
     648:	0e 94 af 00 	call	0x15e	; 0x15e <I2C_Master_Start>
			ok1 &= I2C_Master_Write((SLAVE_NFC<<1) | 0x00);
     64c:	80 e6       	ldi	r24, 0x60	; 96
     64e:	0e 94 bb 00 	call	0x176	; 0x176 <I2C_Master_Write>
     652:	c8 2f       	mov	r28, r24
     654:	c1 70       	andi	r28, 0x01	; 1
			ok1 &= I2C_Master_Write('T');
     656:	84 e5       	ldi	r24, 0x54	; 84
     658:	0e 94 bb 00 	call	0x176	; 0x176 <I2C_Master_Write>
     65c:	c8 23       	and	r28, r24
			I2C_Master_Stop();
     65e:	0e 94 b7 00 	call	0x16e	; 0x16e <I2C_Master_Stop>

			if(!ok1){
     662:	c1 11       	cpse	r28, r1
     664:	13 c0       	rjmp	.+38     	; 0x68c <es_tarjeta_autorizada+0x6e>
				lcd_clear();
     666:	0e 94 68 01 	call	0x2d0	; 0x2d0 <lcd_clear>
				lcd_set_cursor(0,0);
     66a:	60 e0       	ldi	r22, 0x00	; 0
     66c:	80 e0       	ldi	r24, 0x00	; 0
     66e:	0e 94 61 01 	call	0x2c2	; 0x2c2 <lcd_set_cursor>
				lcd_string("Error en talanquera");
     672:	87 e2       	ldi	r24, 0x27	; 39
     674:	91 e0       	ldi	r25, 0x01	; 1
     676:	0e 94 80 01 	call	0x300	; 0x300 <lcd_string>
     67a:	2f ef       	ldi	r18, 0xFF	; 255
     67c:	8b e7       	ldi	r24, 0x7B	; 123
     67e:	92 e9       	ldi	r25, 0x92	; 146
     680:	21 50       	subi	r18, 0x01	; 1
     682:	80 40       	sbci	r24, 0x00	; 0
     684:	90 40       	sbci	r25, 0x00	; 0
     686:	e1 f7       	brne	.-8      	; 0x680 <es_tarjeta_autorizada+0x62>
     688:	00 c0       	rjmp	.+0      	; 0x68a <es_tarjeta_autorizada+0x6c>
     68a:	00 00       	nop
				_delay_ms(3000);
			}

			lcd_clear();
     68c:	0e 94 68 01 	call	0x2d0	; 0x2d0 <lcd_clear>
			lcd_set_cursor(0,0);
     690:	60 e0       	ldi	r22, 0x00	; 0
     692:	80 e0       	ldi	r24, 0x00	; 0
     694:	0e 94 61 01 	call	0x2c2	; 0x2c2 <lcd_set_cursor>
			lcd_string("Si autorizado");
     698:	8b e3       	ldi	r24, 0x3B	; 59
     69a:	91 e0       	ldi	r25, 0x01	; 1
     69c:	0e 94 80 01 	call	0x300	; 0x300 <lcd_string>
			lcd_set_cursor(1,0);
     6a0:	60 e0       	ldi	r22, 0x00	; 0
     6a2:	81 e0       	ldi	r24, 0x01	; 1
     6a4:	0e 94 61 01 	call	0x2c2	; 0x2c2 <lcd_set_cursor>
			lcd_string("Pase adelante");
     6a8:	89 e4       	ldi	r24, 0x49	; 73
     6aa:	91 e0       	ldi	r25, 0x01	; 1
     6ac:	0e 94 80 01 	call	0x300	; 0x300 <lcd_string>
     6b0:	2f ef       	ldi	r18, 0xFF	; 255
     6b2:	8b e7       	ldi	r24, 0x7B	; 123
     6b4:	92 e9       	ldi	r25, 0x92	; 146
     6b6:	21 50       	subi	r18, 0x01	; 1
     6b8:	80 40       	sbci	r24, 0x00	; 0
     6ba:	90 40       	sbci	r25, 0x00	; 0
     6bc:	e1 f7       	brne	.-8      	; 0x6b6 <es_tarjeta_autorizada+0x98>
     6be:	00 c0       	rjmp	.+0      	; 0x6c0 <es_tarjeta_autorizada+0xa2>
     6c0:	00 00       	nop
	uint8_t autorizada = 0;

	for (int i = 0; i < AUTHORIZED_COUNT; i++) {
		if (strcmp(uid_hex, tarjetas_autorizadas[i]) == 0) {
			// Tarjeta válida
			autorizada = 1;
     6c2:	c1 e0       	ldi	r28, 0x01	; 1
     6c4:	06 c0       	rjmp	.+12     	; 0x6d2 <es_tarjeta_autorizada+0xb4>

uint8_t es_tarjeta_autorizada(const char *uid_hex) {
	uint8_t ok1 = 1;
	uint8_t autorizada = 0;

	for (int i = 0; i < AUTHORIZED_COUNT; i++) {
     6c6:	21 96       	adiw	r28, 0x01	; 1
     6c8:	c2 30       	cpi	r28, 0x02	; 2
     6ca:	d1 05       	cpc	r29, r1
     6cc:	0c f4       	brge	.+2      	; 0x6d0 <es_tarjeta_autorizada+0xb2>
     6ce:	af cf       	rjmp	.-162    	; 0x62e <es_tarjeta_autorizada+0x10>
    out[2*len] = '\0';
}

uint8_t es_tarjeta_autorizada(const char *uid_hex) {
	uint8_t ok1 = 1;
	uint8_t autorizada = 0;
     6d0:	c0 e0       	ldi	r28, 0x00	; 0
			break; // ya encontramos la tarjeta, no seguir buscando
		}
	}

	// Mostrar talanquera cerrada si no estaba autorizada
	if (!autorizada) {
     6d2:	c1 11       	cpse	r28, r1
     6d4:	1b c0       	rjmp	.+54     	; 0x70c <es_tarjeta_autorizada+0xee>
		lcd_clear();
     6d6:	0e 94 68 01 	call	0x2d0	; 0x2d0 <lcd_clear>
		lcd_set_cursor(0,0);
     6da:	60 e0       	ldi	r22, 0x00	; 0
     6dc:	80 e0       	ldi	r24, 0x00	; 0
     6de:	0e 94 61 01 	call	0x2c2	; 0x2c2 <lcd_set_cursor>
		lcd_string("Talanquera");
     6e2:	87 e5       	ldi	r24, 0x57	; 87
     6e4:	91 e0       	ldi	r25, 0x01	; 1
     6e6:	0e 94 80 01 	call	0x300	; 0x300 <lcd_string>
		lcd_set_cursor(1,0);
     6ea:	60 e0       	ldi	r22, 0x00	; 0
     6ec:	81 e0       	ldi	r24, 0x01	; 1
     6ee:	0e 94 61 01 	call	0x2c2	; 0x2c2 <lcd_set_cursor>
		lcd_string("cerrada");
     6f2:	82 e6       	ldi	r24, 0x62	; 98
     6f4:	91 e0       	ldi	r25, 0x01	; 1
     6f6:	0e 94 80 01 	call	0x300	; 0x300 <lcd_string>
     6fa:	2f ef       	ldi	r18, 0xFF	; 255
     6fc:	8f e0       	ldi	r24, 0x0F	; 15
     6fe:	97 e2       	ldi	r25, 0x27	; 39
     700:	21 50       	subi	r18, 0x01	; 1
     702:	80 40       	sbci	r24, 0x00	; 0
     704:	90 40       	sbci	r25, 0x00	; 0
     706:	e1 f7       	brne	.-8      	; 0x700 <es_tarjeta_autorizada+0xe2>
     708:	00 c0       	rjmp	.+0      	; 0x70a <es_tarjeta_autorizada+0xec>
     70a:	00 00       	nop
		_delay_ms(800);
	}

	return autorizada; // 1 = válida, 0 = no válida
}
     70c:	8c 2f       	mov	r24, r28
     70e:	df 91       	pop	r29
     710:	cf 91       	pop	r28
     712:	1f 91       	pop	r17
     714:	0f 91       	pop	r16
     716:	08 95       	ret

00000718 <main>:


// ========================
// MAIN
// ========================
int main(void){
     718:	cf 93       	push	r28
     71a:	df 93       	push	r29
     71c:	cd b7       	in	r28, 0x3d	; 61
     71e:	de b7       	in	r29, 0x3e	; 62
     720:	ed 97       	sbiw	r28, 0x3d	; 61
     722:	0f b6       	in	r0, 0x3f	; 63
     724:	f8 94       	cli
     726:	de bf       	out	0x3e, r29	; 62
     728:	0f be       	out	0x3f, r0	; 63
     72a:	cd bf       	out	0x3d, r28	; 61
	uint8_t peso_ent=0, peso_dec=0;
     72c:	19 82       	std	Y+1, r1	; 0x01
     72e:	1a 82       	std	Y+2, r1	; 0x02
	uint8_t uid[UID_LEN] = {0};
     730:	fe 01       	movw	r30, r28
     732:	33 96       	adiw	r30, 0x03	; 3
     734:	85 e0       	ldi	r24, 0x05	; 5
     736:	df 01       	movw	r26, r30
     738:	1d 92       	st	X+, r1
     73a:	8a 95       	dec	r24
     73c:	e9 f7       	brne	.-6      	; 0x738 <main+0x20>
	char uid_hex[UID_LEN*2 + 1];
	char uid_anterior[UID_LEN * 2 + 1] = "";
     73e:	1c 8a       	std	Y+20, r1	; 0x14
     740:	1b 8a       	std	Y+19, r1	; 0x13
     742:	72 96       	adiw	r30, 0x12	; 18
     744:	89 e0       	ldi	r24, 0x09	; 9
     746:	df 01       	movw	r26, r30
     748:	1d 92       	st	X+, r1
     74a:	8a 95       	dec	r24
     74c:	e9 f7       	brne	.-6      	; 0x748 <main+0x30>
	static int last_distance = 0;
	uint8_t nfc_valida = 0;  // bandera NFC válida

	lcd_init();
     74e:	0e 94 2a 01 	call	0x254	; 0x254 <lcd_init>
	lcd_clear();
     752:	0e 94 68 01 	call	0x2d0	; 0x2d0 <lcd_clear>
	lcd_set_cursor(0,0); lcd_string("Iniciando...");
     756:	60 e0       	ldi	r22, 0x00	; 0
     758:	80 e0       	ldi	r24, 0x00	; 0
     75a:	0e 94 61 01 	call	0x2c2	; 0x2c2 <lcd_set_cursor>
     75e:	8a e6       	ldi	r24, 0x6A	; 106
     760:	91 e0       	ldi	r25, 0x01	; 1
     762:	0e 94 80 01 	call	0x300	; 0x300 <lcd_string>
     766:	bf ef       	ldi	r27, 0xFF	; 255
     768:	2f e0       	ldi	r18, 0x0F	; 15
     76a:	87 e2       	ldi	r24, 0x27	; 39
     76c:	b1 50       	subi	r27, 0x01	; 1
     76e:	20 40       	sbci	r18, 0x00	; 0
     770:	80 40       	sbci	r24, 0x00	; 0
     772:	e1 f7       	brne	.-8      	; 0x76c <main+0x54>
     774:	00 c0       	rjmp	.+0      	; 0x776 <main+0x5e>
     776:	00 00       	nop
	_delay_ms(800);

	UART_Init(MYUBRR);
     778:	87 e6       	ldi	r24, 0x67	; 103
     77a:	90 e0       	ldi	r25, 0x00	; 0
     77c:	0e 94 8d 01 	call	0x31a	; 0x31a <UART_Init>

	DDRC &= ~((1<<PC4)|(1<<PC5)|(1<<PC1));  // PC4-PC5 I2C, PC1 botón
     780:	87 b1       	in	r24, 0x07	; 7
     782:	8d 7c       	andi	r24, 0xCD	; 205
     784:	87 b9       	out	0x07, r24	; 7
	PORTC |= (1<<PC4)|(1<<PC5)|(1<<PC1);    // pull-ups I2C y botón
     786:	88 b1       	in	r24, 0x08	; 8
     788:	82 63       	ori	r24, 0x32	; 50
     78a:	88 b9       	out	0x08, r24	; 8
	I2C_Master_Init(50000, 1);
     78c:	41 e0       	ldi	r20, 0x01	; 1
     78e:	60 e5       	ldi	r22, 0x50	; 80
     790:	73 ec       	ldi	r23, 0xC3	; 195
     792:	80 e0       	ldi	r24, 0x00	; 0
     794:	90 e0       	ldi	r25, 0x00	; 0
     796:	0e 94 53 00 	call	0xa6	; 0xa6 <I2C_Master_Init>

	if (VL53L0X_Init()) {
     79a:	0e 94 91 05 	call	0xb22	; 0xb22 <VL53L0X_Init>
     79e:	88 23       	and	r24, r24
     7a0:	c1 f0       	breq	.+48     	; 0x7d2 <main+0xba>
		UART_SendString("Sensor VL53L0X inicializado correctamente\r\n");
     7a2:	87 e7       	ldi	r24, 0x77	; 119
     7a4:	91 e0       	ldi	r25, 0x01	; 1
     7a6:	0e 94 a6 01 	call	0x34c	; 0x34c <UART_SendString>
		} else {
		UART_SendString("ERROR: No se pudo inicializar el sensor VL53L0X\r\n");
		while(1);
	}

	lcd_clear();
     7aa:	0e 94 68 01 	call	0x2d0	; 0x2d0 <lcd_clear>
	lcd_set_cursor(0,0); lcd_string("P:--g D:-- E:-");
     7ae:	60 e0       	ldi	r22, 0x00	; 0
     7b0:	80 e0       	ldi	r24, 0x00	; 0
     7b2:	0e 94 61 01 	call	0x2c2	; 0x2c2 <lcd_set_cursor>
     7b6:	83 ea       	ldi	r24, 0xA3	; 163
     7b8:	91 e0       	ldi	r25, 0x01	; 1
     7ba:	0e 94 80 01 	call	0x300	; 0x300 <lcd_string>
	lcd_set_cursor(1,0); lcd_string("NFC:----------");
     7be:	60 e0       	ldi	r22, 0x00	; 0
     7c0:	81 e0       	ldi	r24, 0x01	; 1
     7c2:	0e 94 61 01 	call	0x2c2	; 0x2c2 <lcd_set_cursor>
     7c6:	82 eb       	ldi	r24, 0xB2	; 178
     7c8:	91 e0       	ldi	r25, 0x01	; 1
     7ca:	0e 94 80 01 	call	0x300	; 0x300 <lcd_string>
	uint8_t peso_ent=0, peso_dec=0;
	uint8_t uid[UID_LEN] = {0};
	char uid_hex[UID_LEN*2 + 1];
	char uid_anterior[UID_LEN * 2 + 1] = "";
	static int last_distance = 0;
	uint8_t nfc_valida = 0;  // bandera NFC válida
     7ce:	10 e0       	ldi	r17, 0x00	; 0
     7d0:	05 c0       	rjmp	.+10     	; 0x7dc <main+0xc4>
	I2C_Master_Init(50000, 1);

	if (VL53L0X_Init()) {
		UART_SendString("Sensor VL53L0X inicializado correctamente\r\n");
		} else {
		UART_SendString("ERROR: No se pudo inicializar el sensor VL53L0X\r\n");
     7d2:	81 ec       	ldi	r24, 0xC1	; 193
     7d4:	91 e0       	ldi	r25, 0x01	; 1
     7d6:	0e 94 a6 01 	call	0x34c	; 0x34c <UART_SendString>
     7da:	ff cf       	rjmp	.-2      	; 0x7da <main+0xc2>
	static int dist_prev = -1;
	static char uid_prev[32] = "";

	for(;;){
		// ===== Lecturas normales =====
		leer_peso(&peso_ent, &peso_dec);
     7dc:	be 01       	movw	r22, r28
     7de:	6e 5f       	subi	r22, 0xFE	; 254
     7e0:	7f 4f       	sbci	r23, 0xFF	; 255
     7e2:	ce 01       	movw	r24, r28
     7e4:	01 96       	adiw	r24, 0x01	; 1
     7e6:	0e 94 96 02 	call	0x52c	; 0x52c <leer_peso>
		lcd_print_Peso(peso_ent);
     7ea:	89 81       	ldd	r24, Y+1	; 0x01
     7ec:	90 e0       	ldi	r25, 0x00	; 0
     7ee:	0e 94 f3 01 	call	0x3e6	; 0x3e6 <lcd_print_Peso>

		VL53L0X_StartMeasurement();
     7f2:	0e 94 df 05 	call	0xbbe	; 0xbbe <VL53L0X_StartMeasurement>
		int raw = VL53L0X_ReadDistance() - 100;
     7f6:	0e 94 bf 05 	call	0xb7e	; 0xb7e <VL53L0X_ReadDistance>
     7fa:	84 56       	subi	r24, 0x64	; 100
     7fc:	91 09       	sbc	r25, r1
		if (raw > 1000) raw = 0;
     7fe:	89 3e       	cpi	r24, 0xE9	; 233
     800:	a3 e0       	ldi	r26, 0x03	; 3
     802:	9a 07       	cpc	r25, r26
     804:	14 f0       	brlt	.+4      	; 0x80a <__DATA_REGION_LENGTH__+0xa>
     806:	80 e0       	ldi	r24, 0x00	; 0
     808:	90 e0       	ldi	r25, 0x00	; 0
		if (abs(raw - last_distance) > 10) {
     80a:	20 91 68 02 	lds	r18, 0x0268	; 0x800268 <last_distance.2349>
     80e:	30 91 69 02 	lds	r19, 0x0269	; 0x800269 <last_distance.2349+0x1>
     812:	ac 01       	movw	r20, r24
     814:	42 1b       	sub	r20, r18
     816:	53 0b       	sbc	r21, r19
     818:	9a 01       	movw	r18, r20
     81a:	22 f4       	brpl	.+8      	; 0x824 <__DATA_REGION_LENGTH__+0x24>
     81c:	22 27       	eor	r18, r18
     81e:	33 27       	eor	r19, r19
     820:	24 1b       	sub	r18, r20
     822:	35 0b       	sbc	r19, r21
     824:	2b 30       	cpi	r18, 0x0B	; 11
     826:	31 05       	cpc	r19, r1
     828:	24 f0       	brlt	.+8      	; 0x832 <__DATA_REGION_LENGTH__+0x32>
			last_distance = raw;
     82a:	90 93 69 02 	sts	0x0269, r25	; 0x800269 <last_distance.2349+0x1>
     82e:	80 93 68 02 	sts	0x0268, r24	; 0x800268 <last_distance.2349>
		}
		lcd_print_Distancia(last_distance);
     832:	80 91 68 02 	lds	r24, 0x0268	; 0x800268 <last_distance.2349>
     836:	90 91 69 02 	lds	r25, 0x0269	; 0x800269 <last_distance.2349+0x1>
     83a:	0e 94 2b 02 	call	0x456	; 0x456 <lcd_print_Distancia>

		leer_uid_nfc(uid);
     83e:	ce 01       	movw	r24, r28
     840:	03 96       	adiw	r24, 0x03	; 3
     842:	0e 94 d1 02 	call	0x5a2	; 0x5a2 <leer_uid_nfc>
		bytes_to_hex(uid, UID_LEN, uid_hex);
     846:	ae 01       	movw	r20, r28
     848:	48 5f       	subi	r20, 0xF8	; 248
     84a:	5f 4f       	sbci	r21, 0xFF	; 255
     84c:	65 e0       	ldi	r22, 0x05	; 5
     84e:	ce 01       	movw	r24, r28
     850:	03 96       	adiw	r24, 0x03	; 3
     852:	0e 94 b3 01 	call	0x366	; 0x366 <bytes_to_hex>
		if (strcmp(uid_hex, uid_anterior) != 0) {
     856:	be 01       	movw	r22, r28
     858:	6d 5e       	subi	r22, 0xED	; 237
     85a:	7f 4f       	sbci	r23, 0xFF	; 255
     85c:	ce 01       	movw	r24, r28
     85e:	08 96       	adiw	r24, 0x08	; 8
     860:	0e 94 24 06 	call	0xc48	; 0xc48 <strcmp>
     864:	89 2b       	or	r24, r25
     866:	81 f0       	breq	.+32     	; 0x888 <__DATA_REGION_LENGTH__+0x88>
			// Hay un nuevo UID
			if (es_tarjeta_autorizada(uid_hex)) {
     868:	ce 01       	movw	r24, r28
     86a:	08 96       	adiw	r24, 0x08	; 8
     86c:	0e 94 0f 03 	call	0x61e	; 0x61e <es_tarjeta_autorizada>
     870:	88 23       	and	r24, r24
     872:	11 f0       	breq	.+4      	; 0x878 <__DATA_REGION_LENGTH__+0x78>
				nfc_valida = 1; // activamos bandera NFC válida
     874:	11 e0       	ldi	r17, 0x01	; 1
     876:	01 c0       	rjmp	.+2      	; 0x87a <__DATA_REGION_LENGTH__+0x7a>
				} else {
				nfc_valida = 0;
     878:	10 e0       	ldi	r17, 0x00	; 0
			}
			strcpy(uid_anterior, uid_hex);
     87a:	be 01       	movw	r22, r28
     87c:	68 5f       	subi	r22, 0xF8	; 248
     87e:	7f 4f       	sbci	r23, 0xFF	; 255
     880:	ce 01       	movw	r24, r28
     882:	43 96       	adiw	r24, 0x13	; 19
     884:	0e 94 2d 06 	call	0xc5a	; 0xc5a <strcpy>
		}
		lcd_print_NFC(uid_hex);
     888:	ce 01       	movw	r24, r28
     88a:	08 96       	adiw	r24, 0x08	; 8
     88c:	0e 94 e2 01 	call	0x3c4	; 0x3c4 <lcd_print_NFC>
		lcd_print_Elevador(elevadorNivel);
     890:	80 91 6a 02 	lds	r24, 0x026A	; 0x80026a <elevadorNivel>
     894:	90 91 6b 02 	lds	r25, 0x026B	; 0x80026b <elevadorNivel+0x1>
     898:	0e 94 65 02 	call	0x4ca	; 0x4ca <lcd_print_Elevador>

		// ==== Modo escucha UART con botón solo si NFC válida ====
		if (nfc_valida && !(PINC & (1<<PC1))) {  // NFC válida y botón presionado
     89c:	11 23       	and	r17, r17
     89e:	09 f4       	brne	.+2      	; 0x8a2 <__DATA_REGION_LENGTH__+0xa2>
     8a0:	90 c0       	rjmp	.+288    	; 0x9c2 <__stack+0xc3>
     8a2:	31 99       	sbic	0x06, 1	; 6
     8a4:	8e c0       	rjmp	.+284    	; 0x9c2 <__stack+0xc3>
			lcd_clear();
     8a6:	0e 94 68 01 	call	0x2d0	; 0x2d0 <lcd_clear>
			lcd_set_cursor(0,0);
     8aa:	60 e0       	ldi	r22, 0x00	; 0
     8ac:	80 e0       	ldi	r24, 0x00	; 0
     8ae:	0e 94 61 01 	call	0x2c2	; 0x2c2 <lcd_set_cursor>
			lcd_string("Esperando valor...");
     8b2:	83 ef       	ldi	r24, 0xF3	; 243
     8b4:	91 e0       	ldi	r25, 0x01	; 1
     8b6:	0e 94 80 01 	call	0x300	; 0x300 <lcd_string>

			uint32_t start_time = 0;
			uint8_t recibido = 0;
			char uart_temp[UART_BUF_SIZE];
			uint8_t idx = 0;
     8ba:	10 e0       	ldi	r17, 0x00	; 0
			lcd_clear();
			lcd_set_cursor(0,0);
			lcd_string("Esperando valor...");

			uint32_t start_time = 0;
			uint8_t recibido = 0;
     8bc:	00 e0       	ldi	r16, 0x00	; 0
			char uart_temp[UART_BUF_SIZE];
			uint8_t idx = 0;

			for (start_time = 0; start_time < 6000; start_time += 50) {
     8be:	c1 2c       	mov	r12, r1
     8c0:	d1 2c       	mov	r13, r1
     8c2:	76 01       	movw	r14, r12
     8c4:	41 c0       	rjmp	.+130    	; 0x948 <__stack+0x49>
     8c6:	bf ef       	ldi	r27, 0xFF	; 255
     8c8:	20 e7       	ldi	r18, 0x70	; 112
     8ca:	82 e0       	ldi	r24, 0x02	; 2
     8cc:	b1 50       	subi	r27, 0x01	; 1
     8ce:	20 40       	sbci	r18, 0x00	; 0
     8d0:	80 40       	sbci	r24, 0x00	; 0
     8d2:	e1 f7       	brne	.-8      	; 0x8cc <__DATA_REGION_LENGTH__+0xcc>
     8d4:	00 c0       	rjmp	.+0      	; 0x8d6 <__DATA_REGION_LENGTH__+0xd6>
     8d6:	00 00       	nop
     8d8:	2c c0       	rjmp	.+88     	; 0x932 <__stack+0x33>
				_delay_ms(50);

				while (UART_Available()) {
					char c = UART_ReadChar();
     8da:	0e 94 98 01 	call	0x330	; 0x330 <UART_ReadChar>

					if (c == '\n') {
     8de:	8a 30       	cpi	r24, 0x0A	; 10
     8e0:	e1 f4       	brne	.+56     	; 0x91a <__stack+0x1b>
						uart_temp[idx] = '\0';
     8e2:	ee e1       	ldi	r30, 0x1E	; 30
     8e4:	f0 e0       	ldi	r31, 0x00	; 0
     8e6:	ec 0f       	add	r30, r28
     8e8:	fd 1f       	adc	r31, r29
     8ea:	e1 0f       	add	r30, r17
     8ec:	f1 1d       	adc	r31, r1
     8ee:	10 82       	st	Z, r1
						idx = 0;

						if (strncmp(uart_temp, "E:", 2) == 0) {
     8f0:	42 e0       	ldi	r20, 0x02	; 2
     8f2:	50 e0       	ldi	r21, 0x00	; 0
     8f4:	64 e2       	ldi	r22, 0x24	; 36
     8f6:	71 e0       	ldi	r23, 0x01	; 1
     8f8:	ce 01       	movw	r24, r28
     8fa:	4e 96       	adiw	r24, 0x1e	; 30
     8fc:	0e 94 34 06 	call	0xc68	; 0xc68 <strncmp>
     900:	89 2b       	or	r24, r25
     902:	b1 f4       	brne	.+44     	; 0x930 <__stack+0x31>
							elevadorNivel = atoi(&uart_temp[2]);
     904:	ce 01       	movw	r24, r28
     906:	80 96       	adiw	r24, 0x20	; 32
     908:	0e 94 06 06 	call	0xc0c	; 0xc0c <atoi>
     90c:	90 93 6b 02 	sts	0x026B, r25	; 0x80026b <elevadorNivel+0x1>
     910:	80 93 6a 02 	sts	0x026A, r24	; 0x80026a <elevadorNivel>
				while (UART_Available()) {
					char c = UART_ReadChar();

					if (c == '\n') {
						uart_temp[idx] = '\0';
						idx = 0;
     914:	10 e0       	ldi	r17, 0x00	; 0

						if (strncmp(uart_temp, "E:", 2) == 0) {
							elevadorNivel = atoi(&uart_temp[2]);
							recibido = 1;
     916:	01 e0       	ldi	r16, 0x01	; 1
							break;
     918:	10 c0       	rjmp	.+32     	; 0x93a <__stack+0x3b>
						}
						} else if (idx < UART_BUF_SIZE-1) {
     91a:	1f 31       	cpi	r17, 0x1F	; 31
     91c:	50 f4       	brcc	.+20     	; 0x932 <__stack+0x33>
						uart_temp[idx++] = c;
     91e:	ee e1       	ldi	r30, 0x1E	; 30
     920:	f0 e0       	ldi	r31, 0x00	; 0
     922:	ec 0f       	add	r30, r28
     924:	fd 1f       	adc	r31, r29
     926:	e1 0f       	add	r30, r17
     928:	f1 1d       	adc	r31, r1
     92a:	80 83       	st	Z, r24
     92c:	1f 5f       	subi	r17, 0xFF	; 255
     92e:	01 c0       	rjmp	.+2      	; 0x932 <__stack+0x33>
				while (UART_Available()) {
					char c = UART_ReadChar();

					if (c == '\n') {
						uart_temp[idx] = '\0';
						idx = 0;
     930:	10 e0       	ldi	r17, 0x00	; 0
    UCSR0B = (1<<RXEN0)|(1<<TXEN0);
    UCSR0C = (1<<UCSZ01)|(1<<UCSZ00); // 8 bits, 1 stop, sin paridad
}

static inline uint8_t UART_Available(void) {
    return (UCSR0A & (1<<RXC0));
     932:	80 91 c0 00 	lds	r24, 0x00C0	; 0x8000c0 <__TEXT_REGION_LENGTH__+0x7f80c0>
			uint8_t idx = 0;

			for (start_time = 0; start_time < 6000; start_time += 50) {
				_delay_ms(50);

				while (UART_Available()) {
     936:	88 23       	and	r24, r24
     938:	84 f2       	brlt	.-96     	; 0x8da <__DATA_REGION_LENGTH__+0xda>
						} else if (idx < UART_BUF_SIZE-1) {
						uart_temp[idx++] = c;
					}
				}

				if (recibido) break;
     93a:	01 11       	cpse	r16, r1
     93c:	0d c0       	rjmp	.+26     	; 0x958 <__stack+0x59>
			uint32_t start_time = 0;
			uint8_t recibido = 0;
			char uart_temp[UART_BUF_SIZE];
			uint8_t idx = 0;

			for (start_time = 0; start_time < 6000; start_time += 50) {
     93e:	92 e3       	ldi	r25, 0x32	; 50
     940:	c9 0e       	add	r12, r25
     942:	d1 1c       	adc	r13, r1
     944:	e1 1c       	adc	r14, r1
     946:	f1 1c       	adc	r15, r1
     948:	a0 e7       	ldi	r26, 0x70	; 112
     94a:	ca 16       	cp	r12, r26
     94c:	a7 e1       	ldi	r26, 0x17	; 23
     94e:	da 06       	cpc	r13, r26
     950:	e1 04       	cpc	r14, r1
     952:	f1 04       	cpc	r15, r1
     954:	08 f4       	brcc	.+2      	; 0x958 <__stack+0x59>
     956:	b7 cf       	rjmp	.-146    	; 0x8c6 <__DATA_REGION_LENGTH__+0xc6>
				}

				if (recibido) break;
			}

			if (!recibido) {
     958:	01 11       	cpse	r16, r1
     95a:	13 c0       	rjmp	.+38     	; 0x982 <__stack+0x83>
				lcd_clear();
     95c:	0e 94 68 01 	call	0x2d0	; 0x2d0 <lcd_clear>
				lcd_set_cursor(0,0);
     960:	60 e0       	ldi	r22, 0x00	; 0
     962:	80 e0       	ldi	r24, 0x00	; 0
     964:	0e 94 61 01 	call	0x2c2	; 0x2c2 <lcd_set_cursor>
				lcd_string("Timeout 6s");
     968:	86 e0       	ldi	r24, 0x06	; 6
     96a:	92 e0       	ldi	r25, 0x02	; 2
     96c:	0e 94 80 01 	call	0x300	; 0x300 <lcd_string>
     970:	bf ef       	ldi	r27, 0xFF	; 255
     972:	2f e0       	ldi	r18, 0x0F	; 15
     974:	87 e2       	ldi	r24, 0x27	; 39
     976:	b1 50       	subi	r27, 0x01	; 1
     978:	20 40       	sbci	r18, 0x00	; 0
     97a:	80 40       	sbci	r24, 0x00	; 0
     97c:	e1 f7       	brne	.-8      	; 0x976 <__stack+0x77>
     97e:	00 c0       	rjmp	.+0      	; 0x980 <__stack+0x81>
     980:	00 00       	nop
				_delay_ms(800);
			}

			// Salir del modo escucha y volver al loop normal
			lcd_clear();
     982:	0e 94 68 01 	call	0x2d0	; 0x2d0 <lcd_clear>
			lcd_set_cursor(0,0); lcd_string("P:--g D:-- E:-");
     986:	60 e0       	ldi	r22, 0x00	; 0
     988:	80 e0       	ldi	r24, 0x00	; 0
     98a:	0e 94 61 01 	call	0x2c2	; 0x2c2 <lcd_set_cursor>
     98e:	83 ea       	ldi	r24, 0xA3	; 163
     990:	91 e0       	ldi	r25, 0x01	; 1
     992:	0e 94 80 01 	call	0x300	; 0x300 <lcd_string>
			lcd_set_cursor(1,0); lcd_string("NFC:----------");
     996:	60 e0       	ldi	r22, 0x00	; 0
     998:	81 e0       	ldi	r24, 0x01	; 1
     99a:	0e 94 61 01 	call	0x2c2	; 0x2c2 <lcd_set_cursor>
     99e:	82 eb       	ldi	r24, 0xB2	; 178
     9a0:	91 e0       	ldi	r25, 0x01	; 1
     9a2:	0e 94 80 01 	call	0x300	; 0x300 <lcd_string>

			// Reiniciar variables previas
			peso_prev = -1;
     9a6:	8f ef       	ldi	r24, 0xFF	; 255
     9a8:	9f ef       	ldi	r25, 0xFF	; 255
     9aa:	90 93 03 01 	sts	0x0103, r25	; 0x800103 <peso_prev.2352+0x1>
     9ae:	80 93 02 01 	sts	0x0102, r24	; 0x800102 <peso_prev.2352>
			dist_prev = -1;
     9b2:	90 93 01 01 	sts	0x0101, r25	; 0x800101 <__DATA_REGION_ORIGIN__+0x1>
     9b6:	80 93 00 01 	sts	0x0100, r24	; 0x800100 <__DATA_REGION_ORIGIN__>
			strcpy(uid_prev, "");
     9ba:	10 92 48 02 	sts	0x0248, r1	; 0x800248 <__data_end>
			nfc_valida = 0; // se desactiva la bandera
     9be:	10 e0       	ldi	r17, 0x00	; 0
		}
		lcd_print_NFC(uid_hex);
		lcd_print_Elevador(elevadorNivel);

		// ==== Modo escucha UART con botón solo si NFC válida ====
		if (nfc_valida && !(PINC & (1<<PC1))) {  // NFC válida y botón presionado
     9c0:	70 c0       	rjmp	.+224    	; 0xaa2 <__stack+0x1a3>
			nfc_valida = 0; // se desactiva la bandera
		}

		// ==== Envío de datos normales solo si botón NO presionado ====
		else {
			if (peso_ent != peso_prev) {
     9c2:	89 81       	ldd	r24, Y+1	; 0x01
     9c4:	48 2f       	mov	r20, r24
     9c6:	50 e0       	ldi	r21, 0x00	; 0
     9c8:	20 91 02 01 	lds	r18, 0x0102	; 0x800102 <peso_prev.2352>
     9cc:	30 91 03 01 	lds	r19, 0x0103	; 0x800103 <peso_prev.2352+0x1>
     9d0:	42 17       	cp	r20, r18
     9d2:	53 07       	cpc	r21, r19
     9d4:	f9 f0       	breq	.+62     	; 0xa14 <__stack+0x115>
				char out[16];
				snprintf(out, sizeof(out), "P:%d\n", peso_ent);
     9d6:	1f 92       	push	r1
     9d8:	8f 93       	push	r24
     9da:	81 e1       	ldi	r24, 0x11	; 17
     9dc:	92 e0       	ldi	r25, 0x02	; 2
     9de:	9f 93       	push	r25
     9e0:	8f 93       	push	r24
     9e2:	1f 92       	push	r1
     9e4:	80 e1       	ldi	r24, 0x10	; 16
     9e6:	8f 93       	push	r24
     9e8:	7e 01       	movw	r14, r28
     9ea:	9e e1       	ldi	r25, 0x1E	; 30
     9ec:	e9 0e       	add	r14, r25
     9ee:	f1 1c       	adc	r15, r1
     9f0:	ff 92       	push	r15
     9f2:	ef 92       	push	r14
     9f4:	0e 94 4a 06 	call	0xc94	; 0xc94 <snprintf>
				UART_SendString(out);
     9f8:	c7 01       	movw	r24, r14
     9fa:	0e 94 a6 01 	call	0x34c	; 0x34c <UART_SendString>
				peso_prev = peso_ent;
     9fe:	89 81       	ldd	r24, Y+1	; 0x01
     a00:	90 e0       	ldi	r25, 0x00	; 0
     a02:	90 93 03 01 	sts	0x0103, r25	; 0x800103 <peso_prev.2352+0x1>
     a06:	80 93 02 01 	sts	0x0102, r24	; 0x800102 <peso_prev.2352>
     a0a:	0f b6       	in	r0, 0x3f	; 63
     a0c:	f8 94       	cli
     a0e:	de bf       	out	0x3e, r29	; 62
     a10:	0f be       	out	0x3f, r0	; 63
     a12:	cd bf       	out	0x3d, r28	; 61
			}

			if (last_distance != dist_prev) {
     a14:	80 91 68 02 	lds	r24, 0x0268	; 0x800268 <last_distance.2349>
     a18:	90 91 69 02 	lds	r25, 0x0269	; 0x800269 <last_distance.2349+0x1>
     a1c:	20 91 00 01 	lds	r18, 0x0100	; 0x800100 <__DATA_REGION_ORIGIN__>
     a20:	30 91 01 01 	lds	r19, 0x0101	; 0x800101 <__DATA_REGION_ORIGIN__+0x1>
     a24:	82 17       	cp	r24, r18
     a26:	93 07       	cpc	r25, r19
     a28:	09 f1       	breq	.+66     	; 0xa6c <__stack+0x16d>
				char out[12];
				snprintf(out, sizeof(out), "D:%d\n", last_distance);
     a2a:	9f 93       	push	r25
     a2c:	8f 93       	push	r24
     a2e:	87 e1       	ldi	r24, 0x17	; 23
     a30:	92 e0       	ldi	r25, 0x02	; 2
     a32:	9f 93       	push	r25
     a34:	8f 93       	push	r24
     a36:	1f 92       	push	r1
     a38:	8c e0       	ldi	r24, 0x0C	; 12
     a3a:	8f 93       	push	r24
     a3c:	7e 01       	movw	r14, r28
     a3e:	be e1       	ldi	r27, 0x1E	; 30
     a40:	eb 0e       	add	r14, r27
     a42:	f1 1c       	adc	r15, r1
     a44:	ff 92       	push	r15
     a46:	ef 92       	push	r14
     a48:	0e 94 4a 06 	call	0xc94	; 0xc94 <snprintf>
				UART_SendString(out);
     a4c:	c7 01       	movw	r24, r14
     a4e:	0e 94 a6 01 	call	0x34c	; 0x34c <UART_SendString>
				dist_prev = last_distance;
     a52:	80 91 68 02 	lds	r24, 0x0268	; 0x800268 <last_distance.2349>
     a56:	90 91 69 02 	lds	r25, 0x0269	; 0x800269 <last_distance.2349+0x1>
     a5a:	90 93 01 01 	sts	0x0101, r25	; 0x800101 <__DATA_REGION_ORIGIN__+0x1>
     a5e:	80 93 00 01 	sts	0x0100, r24	; 0x800100 <__DATA_REGION_ORIGIN__>
     a62:	0f b6       	in	r0, 0x3f	; 63
     a64:	f8 94       	cli
     a66:	de bf       	out	0x3e, r29	; 62
     a68:	0f be       	out	0x3f, r0	; 63
     a6a:	cd bf       	out	0x3d, r28	; 61
			}

			if (strcmp(uid_hex, uid_prev) != 0) {
     a6c:	68 e4       	ldi	r22, 0x48	; 72
     a6e:	72 e0       	ldi	r23, 0x02	; 2
     a70:	ce 01       	movw	r24, r28
     a72:	08 96       	adiw	r24, 0x08	; 8
     a74:	0e 94 24 06 	call	0xc48	; 0xc48 <strcmp>
     a78:	89 2b       	or	r24, r25
     a7a:	99 f0       	breq	.+38     	; 0xaa2 <__stack+0x1a3>
				UART_SendString("N:");
     a7c:	8d e1       	ldi	r24, 0x1D	; 29
     a7e:	92 e0       	ldi	r25, 0x02	; 2
     a80:	0e 94 a6 01 	call	0x34c	; 0x34c <UART_SendString>
				UART_SendString(uid_hex);
     a84:	ce 01       	movw	r24, r28
     a86:	08 96       	adiw	r24, 0x08	; 8
     a88:	0e 94 a6 01 	call	0x34c	; 0x34c <UART_SendString>
				UART_SendString("\n");
     a8c:	81 ef       	ldi	r24, 0xF1	; 241
     a8e:	91 e0       	ldi	r25, 0x01	; 1
     a90:	0e 94 a6 01 	call	0x34c	; 0x34c <UART_SendString>
				strcpy(uid_prev, uid_hex);
     a94:	be 01       	movw	r22, r28
     a96:	68 5f       	subi	r22, 0xF8	; 248
     a98:	7f 4f       	sbci	r23, 0xFF	; 255
     a9a:	88 e4       	ldi	r24, 0x48	; 72
     a9c:	92 e0       	ldi	r25, 0x02	; 2
     a9e:	0e 94 2d 06 	call	0xc5a	; 0xc5a <strcpy>
     aa2:	9f ef       	ldi	r25, 0xFF	; 255
     aa4:	a5 ea       	ldi	r26, 0xA5	; 165
     aa6:	be e0       	ldi	r27, 0x0E	; 14
     aa8:	91 50       	subi	r25, 0x01	; 1
     aaa:	a0 40       	sbci	r26, 0x00	; 0
     aac:	b0 40       	sbci	r27, 0x00	; 0
     aae:	e1 f7       	brne	.-8      	; 0xaa8 <__stack+0x1a9>
     ab0:	00 c0       	rjmp	.+0      	; 0xab2 <__stack+0x1b3>
     ab2:	00 00       	nop
     ab4:	93 ce       	rjmp	.-730    	; 0x7dc <main+0xc4>

00000ab6 <VL53L0X_ReadByte>:
     ab6:	1f 93       	push	r17
     ab8:	cf 93       	push	r28
     aba:	df 93       	push	r29
     abc:	1f 92       	push	r1
     abe:	cd b7       	in	r28, 0x3d	; 61
     ac0:	de b7       	in	r29, 0x3e	; 62
     ac2:	18 2f       	mov	r17, r24
     ac4:	19 82       	std	Y+1, r1	; 0x01
     ac6:	0e 94 af 00 	call	0x15e	; 0x15e <I2C_Master_Start>
     aca:	82 e5       	ldi	r24, 0x52	; 82
     acc:	0e 94 bb 00 	call	0x176	; 0x176 <I2C_Master_Write>
     ad0:	81 2f       	mov	r24, r17
     ad2:	0e 94 bb 00 	call	0x176	; 0x176 <I2C_Master_Write>
     ad6:	0e 94 af 00 	call	0x15e	; 0x15e <I2C_Master_Start>
     ada:	83 e5       	ldi	r24, 0x53	; 83
     adc:	0e 94 bb 00 	call	0x176	; 0x176 <I2C_Master_Write>
     ae0:	60 e0       	ldi	r22, 0x00	; 0
     ae2:	ce 01       	movw	r24, r28
     ae4:	01 96       	adiw	r24, 0x01	; 1
     ae6:	0e 94 d3 00 	call	0x1a6	; 0x1a6 <I2C_Master_Read>
     aea:	0e 94 b7 00 	call	0x16e	; 0x16e <I2C_Master_Stop>
     aee:	89 81       	ldd	r24, Y+1	; 0x01
     af0:	0f 90       	pop	r0
     af2:	df 91       	pop	r29
     af4:	cf 91       	pop	r28
     af6:	1f 91       	pop	r17
     af8:	08 95       	ret

00000afa <VL53L0X_WriteByte>:
     afa:	cf 93       	push	r28
     afc:	df 93       	push	r29
     afe:	d8 2f       	mov	r29, r24
     b00:	c6 2f       	mov	r28, r22
     b02:	0e 94 af 00 	call	0x15e	; 0x15e <I2C_Master_Start>
     b06:	82 e5       	ldi	r24, 0x52	; 82
     b08:	0e 94 bb 00 	call	0x176	; 0x176 <I2C_Master_Write>
     b0c:	8d 2f       	mov	r24, r29
     b0e:	0e 94 bb 00 	call	0x176	; 0x176 <I2C_Master_Write>
     b12:	8c 2f       	mov	r24, r28
     b14:	0e 94 bb 00 	call	0x176	; 0x176 <I2C_Master_Write>
     b18:	0e 94 b7 00 	call	0x16e	; 0x16e <I2C_Master_Stop>
     b1c:	df 91       	pop	r29
     b1e:	cf 91       	pop	r28
     b20:	08 95       	ret

00000b22 <VL53L0X_Init>:
     b22:	80 ec       	ldi	r24, 0xC0	; 192
     b24:	0e 94 5b 05 	call	0xab6	; 0xab6 <VL53L0X_ReadByte>
     b28:	8e 3e       	cpi	r24, 0xEE	; 238
     b2a:	11 f5       	brne	.+68     	; 0xb70 <VL53L0X_Init+0x4e>
     b2c:	61 e0       	ldi	r22, 0x01	; 1
     b2e:	80 e8       	ldi	r24, 0x80	; 128
     b30:	0e 94 7d 05 	call	0xafa	; 0xafa <VL53L0X_WriteByte>
     b34:	61 e0       	ldi	r22, 0x01	; 1
     b36:	8f ef       	ldi	r24, 0xFF	; 255
     b38:	0e 94 7d 05 	call	0xafa	; 0xafa <VL53L0X_WriteByte>
     b3c:	60 e0       	ldi	r22, 0x00	; 0
     b3e:	80 e0       	ldi	r24, 0x00	; 0
     b40:	0e 94 7d 05 	call	0xafa	; 0xafa <VL53L0X_WriteByte>
     b44:	6c e3       	ldi	r22, 0x3C	; 60
     b46:	81 e9       	ldi	r24, 0x91	; 145
     b48:	0e 94 7d 05 	call	0xafa	; 0xafa <VL53L0X_WriteByte>
     b4c:	61 e0       	ldi	r22, 0x01	; 1
     b4e:	80 e0       	ldi	r24, 0x00	; 0
     b50:	0e 94 7d 05 	call	0xafa	; 0xafa <VL53L0X_WriteByte>
     b54:	60 e0       	ldi	r22, 0x00	; 0
     b56:	8f ef       	ldi	r24, 0xFF	; 255
     b58:	0e 94 7d 05 	call	0xafa	; 0xafa <VL53L0X_WriteByte>
     b5c:	60 e0       	ldi	r22, 0x00	; 0
     b5e:	80 e8       	ldi	r24, 0x80	; 128
     b60:	0e 94 7d 05 	call	0xafa	; 0xafa <VL53L0X_WriteByte>
     b64:	62 e0       	ldi	r22, 0x02	; 2
     b66:	80 e0       	ldi	r24, 0x00	; 0
     b68:	0e 94 7d 05 	call	0xafa	; 0xafa <VL53L0X_WriteByte>
     b6c:	81 e0       	ldi	r24, 0x01	; 1
     b6e:	08 95       	ret
     b70:	80 e0       	ldi	r24, 0x00	; 0
     b72:	08 95       	ret

00000b74 <VL53L0X_DataReady>:
     b74:	84 e1       	ldi	r24, 0x14	; 20
     b76:	0e 94 5b 05 	call	0xab6	; 0xab6 <VL53L0X_ReadByte>
     b7a:	81 70       	andi	r24, 0x01	; 1
     b7c:	08 95       	ret

00000b7e <VL53L0X_ReadDistance>:
     b7e:	cf 93       	push	r28
     b80:	df 93       	push	r29
     b82:	06 c0       	rjmp	.+12     	; 0xb90 <VL53L0X_ReadDistance+0x12>
     b84:	89 ef       	ldi	r24, 0xF9	; 249
     b86:	90 e0       	ldi	r25, 0x00	; 0
     b88:	01 97       	sbiw	r24, 0x01	; 1
     b8a:	f1 f7       	brne	.-4      	; 0xb88 <VL53L0X_ReadDistance+0xa>
     b8c:	00 c0       	rjmp	.+0      	; 0xb8e <VL53L0X_ReadDistance+0x10>
     b8e:	00 00       	nop
     b90:	0e 94 ba 05 	call	0xb74	; 0xb74 <VL53L0X_DataReady>
     b94:	88 23       	and	r24, r24
     b96:	b1 f3       	breq	.-20     	; 0xb84 <VL53L0X_ReadDistance+0x6>
     b98:	8e e1       	ldi	r24, 0x1E	; 30
     b9a:	0e 94 5b 05 	call	0xab6	; 0xab6 <VL53L0X_ReadByte>
     b9e:	c8 2f       	mov	r28, r24
     ba0:	8f e1       	ldi	r24, 0x1F	; 31
     ba2:	0e 94 5b 05 	call	0xab6	; 0xab6 <VL53L0X_ReadByte>
     ba6:	d0 e0       	ldi	r29, 0x00	; 0
     ba8:	dc 2f       	mov	r29, r28
     baa:	cc 27       	eor	r28, r28
     bac:	c8 2b       	or	r28, r24
     bae:	61 e0       	ldi	r22, 0x01	; 1
     bb0:	83 e1       	ldi	r24, 0x13	; 19
     bb2:	0e 94 7d 05 	call	0xafa	; 0xafa <VL53L0X_WriteByte>
     bb6:	ce 01       	movw	r24, r28
     bb8:	df 91       	pop	r29
     bba:	cf 91       	pop	r28
     bbc:	08 95       	ret

00000bbe <VL53L0X_StartMeasurement>:
     bbe:	61 e0       	ldi	r22, 0x01	; 1
     bc0:	80 e0       	ldi	r24, 0x00	; 0
     bc2:	0e 94 7d 05 	call	0xafa	; 0xafa <VL53L0X_WriteByte>
     bc6:	08 95       	ret

00000bc8 <__udivmodsi4>:
     bc8:	a1 e2       	ldi	r26, 0x21	; 33
     bca:	1a 2e       	mov	r1, r26
     bcc:	aa 1b       	sub	r26, r26
     bce:	bb 1b       	sub	r27, r27
     bd0:	fd 01       	movw	r30, r26
     bd2:	0d c0       	rjmp	.+26     	; 0xbee <__udivmodsi4_ep>

00000bd4 <__udivmodsi4_loop>:
     bd4:	aa 1f       	adc	r26, r26
     bd6:	bb 1f       	adc	r27, r27
     bd8:	ee 1f       	adc	r30, r30
     bda:	ff 1f       	adc	r31, r31
     bdc:	a2 17       	cp	r26, r18
     bde:	b3 07       	cpc	r27, r19
     be0:	e4 07       	cpc	r30, r20
     be2:	f5 07       	cpc	r31, r21
     be4:	20 f0       	brcs	.+8      	; 0xbee <__udivmodsi4_ep>
     be6:	a2 1b       	sub	r26, r18
     be8:	b3 0b       	sbc	r27, r19
     bea:	e4 0b       	sbc	r30, r20
     bec:	f5 0b       	sbc	r31, r21

00000bee <__udivmodsi4_ep>:
     bee:	66 1f       	adc	r22, r22
     bf0:	77 1f       	adc	r23, r23
     bf2:	88 1f       	adc	r24, r24
     bf4:	99 1f       	adc	r25, r25
     bf6:	1a 94       	dec	r1
     bf8:	69 f7       	brne	.-38     	; 0xbd4 <__udivmodsi4_loop>
     bfa:	60 95       	com	r22
     bfc:	70 95       	com	r23
     bfe:	80 95       	com	r24
     c00:	90 95       	com	r25
     c02:	9b 01       	movw	r18, r22
     c04:	ac 01       	movw	r20, r24
     c06:	bd 01       	movw	r22, r26
     c08:	cf 01       	movw	r24, r30
     c0a:	08 95       	ret

00000c0c <atoi>:
     c0c:	fc 01       	movw	r30, r24
     c0e:	88 27       	eor	r24, r24
     c10:	99 27       	eor	r25, r25
     c12:	e8 94       	clt
     c14:	21 91       	ld	r18, Z+
     c16:	20 32       	cpi	r18, 0x20	; 32
     c18:	e9 f3       	breq	.-6      	; 0xc14 <atoi+0x8>
     c1a:	29 30       	cpi	r18, 0x09	; 9
     c1c:	10 f0       	brcs	.+4      	; 0xc22 <atoi+0x16>
     c1e:	2e 30       	cpi	r18, 0x0E	; 14
     c20:	c8 f3       	brcs	.-14     	; 0xc14 <atoi+0x8>
     c22:	2b 32       	cpi	r18, 0x2B	; 43
     c24:	41 f0       	breq	.+16     	; 0xc36 <atoi+0x2a>
     c26:	2d 32       	cpi	r18, 0x2D	; 45
     c28:	39 f4       	brne	.+14     	; 0xc38 <atoi+0x2c>
     c2a:	68 94       	set
     c2c:	04 c0       	rjmp	.+8      	; 0xc36 <atoi+0x2a>
     c2e:	0e 94 42 06 	call	0xc84	; 0xc84 <__mulhi_const_10>
     c32:	82 0f       	add	r24, r18
     c34:	91 1d       	adc	r25, r1
     c36:	21 91       	ld	r18, Z+
     c38:	20 53       	subi	r18, 0x30	; 48
     c3a:	2a 30       	cpi	r18, 0x0A	; 10
     c3c:	c0 f3       	brcs	.-16     	; 0xc2e <atoi+0x22>
     c3e:	1e f4       	brtc	.+6      	; 0xc46 <atoi+0x3a>
     c40:	90 95       	com	r25
     c42:	81 95       	neg	r24
     c44:	9f 4f       	sbci	r25, 0xFF	; 255
     c46:	08 95       	ret

00000c48 <strcmp>:
     c48:	fb 01       	movw	r30, r22
     c4a:	dc 01       	movw	r26, r24
     c4c:	8d 91       	ld	r24, X+
     c4e:	01 90       	ld	r0, Z+
     c50:	80 19       	sub	r24, r0
     c52:	01 10       	cpse	r0, r1
     c54:	d9 f3       	breq	.-10     	; 0xc4c <strcmp+0x4>
     c56:	99 0b       	sbc	r25, r25
     c58:	08 95       	ret

00000c5a <strcpy>:
     c5a:	fb 01       	movw	r30, r22
     c5c:	dc 01       	movw	r26, r24
     c5e:	01 90       	ld	r0, Z+
     c60:	0d 92       	st	X+, r0
     c62:	00 20       	and	r0, r0
     c64:	e1 f7       	brne	.-8      	; 0xc5e <strcpy+0x4>
     c66:	08 95       	ret

00000c68 <strncmp>:
     c68:	fb 01       	movw	r30, r22
     c6a:	dc 01       	movw	r26, r24
     c6c:	41 50       	subi	r20, 0x01	; 1
     c6e:	50 40       	sbci	r21, 0x00	; 0
     c70:	30 f0       	brcs	.+12     	; 0xc7e <strncmp+0x16>
     c72:	8d 91       	ld	r24, X+
     c74:	01 90       	ld	r0, Z+
     c76:	80 19       	sub	r24, r0
     c78:	19 f4       	brne	.+6      	; 0xc80 <strncmp+0x18>
     c7a:	00 20       	and	r0, r0
     c7c:	b9 f7       	brne	.-18     	; 0xc6c <strncmp+0x4>
     c7e:	88 1b       	sub	r24, r24
     c80:	99 0b       	sbc	r25, r25
     c82:	08 95       	ret

00000c84 <__mulhi_const_10>:
     c84:	7a e0       	ldi	r23, 0x0A	; 10
     c86:	97 9f       	mul	r25, r23
     c88:	90 2d       	mov	r25, r0
     c8a:	87 9f       	mul	r24, r23
     c8c:	80 2d       	mov	r24, r0
     c8e:	91 0d       	add	r25, r1
     c90:	11 24       	eor	r1, r1
     c92:	08 95       	ret

00000c94 <snprintf>:
     c94:	ae e0       	ldi	r26, 0x0E	; 14
     c96:	b0 e0       	ldi	r27, 0x00	; 0
     c98:	e0 e5       	ldi	r30, 0x50	; 80
     c9a:	f6 e0       	ldi	r31, 0x06	; 6
     c9c:	0c 94 19 09 	jmp	0x1232	; 0x1232 <__prologue_saves__+0x1c>
     ca0:	0d 89       	ldd	r16, Y+21	; 0x15
     ca2:	1e 89       	ldd	r17, Y+22	; 0x16
     ca4:	8f 89       	ldd	r24, Y+23	; 0x17
     ca6:	98 8d       	ldd	r25, Y+24	; 0x18
     ca8:	26 e0       	ldi	r18, 0x06	; 6
     caa:	2c 83       	std	Y+4, r18	; 0x04
     cac:	1a 83       	std	Y+2, r17	; 0x02
     cae:	09 83       	std	Y+1, r16	; 0x01
     cb0:	97 ff       	sbrs	r25, 7
     cb2:	02 c0       	rjmp	.+4      	; 0xcb8 <snprintf+0x24>
     cb4:	80 e0       	ldi	r24, 0x00	; 0
     cb6:	90 e8       	ldi	r25, 0x80	; 128
     cb8:	01 97       	sbiw	r24, 0x01	; 1
     cba:	9e 83       	std	Y+6, r25	; 0x06
     cbc:	8d 83       	std	Y+5, r24	; 0x05
     cbe:	ae 01       	movw	r20, r28
     cc0:	45 5e       	subi	r20, 0xE5	; 229
     cc2:	5f 4f       	sbci	r21, 0xFF	; 255
     cc4:	69 8d       	ldd	r22, Y+25	; 0x19
     cc6:	7a 8d       	ldd	r23, Y+26	; 0x1a
     cc8:	ce 01       	movw	r24, r28
     cca:	01 96       	adiw	r24, 0x01	; 1
     ccc:	0e 94 7a 06 	call	0xcf4	; 0xcf4 <vfprintf>
     cd0:	4d 81       	ldd	r20, Y+5	; 0x05
     cd2:	5e 81       	ldd	r21, Y+6	; 0x06
     cd4:	57 fd       	sbrc	r21, 7
     cd6:	0a c0       	rjmp	.+20     	; 0xcec <snprintf+0x58>
     cd8:	2f 81       	ldd	r18, Y+7	; 0x07
     cda:	38 85       	ldd	r19, Y+8	; 0x08
     cdc:	42 17       	cp	r20, r18
     cde:	53 07       	cpc	r21, r19
     ce0:	0c f4       	brge	.+2      	; 0xce4 <snprintf+0x50>
     ce2:	9a 01       	movw	r18, r20
     ce4:	f8 01       	movw	r30, r16
     ce6:	e2 0f       	add	r30, r18
     ce8:	f3 1f       	adc	r31, r19
     cea:	10 82       	st	Z, r1
     cec:	2e 96       	adiw	r28, 0x0e	; 14
     cee:	e4 e0       	ldi	r30, 0x04	; 4
     cf0:	0c 94 35 09 	jmp	0x126a	; 0x126a <__epilogue_restores__+0x1c>

00000cf4 <vfprintf>:
     cf4:	ab e0       	ldi	r26, 0x0B	; 11
     cf6:	b0 e0       	ldi	r27, 0x00	; 0
     cf8:	e0 e8       	ldi	r30, 0x80	; 128
     cfa:	f6 e0       	ldi	r31, 0x06	; 6
     cfc:	0c 94 0b 09 	jmp	0x1216	; 0x1216 <__prologue_saves__>
     d00:	6c 01       	movw	r12, r24
     d02:	7b 01       	movw	r14, r22
     d04:	8a 01       	movw	r16, r20
     d06:	fc 01       	movw	r30, r24
     d08:	17 82       	std	Z+7, r1	; 0x07
     d0a:	16 82       	std	Z+6, r1	; 0x06
     d0c:	83 81       	ldd	r24, Z+3	; 0x03
     d0e:	81 ff       	sbrs	r24, 1
     d10:	cc c1       	rjmp	.+920    	; 0x10aa <vfprintf+0x3b6>
     d12:	ce 01       	movw	r24, r28
     d14:	01 96       	adiw	r24, 0x01	; 1
     d16:	3c 01       	movw	r6, r24
     d18:	f6 01       	movw	r30, r12
     d1a:	93 81       	ldd	r25, Z+3	; 0x03
     d1c:	f7 01       	movw	r30, r14
     d1e:	93 fd       	sbrc	r25, 3
     d20:	85 91       	lpm	r24, Z+
     d22:	93 ff       	sbrs	r25, 3
     d24:	81 91       	ld	r24, Z+
     d26:	7f 01       	movw	r14, r30
     d28:	88 23       	and	r24, r24
     d2a:	09 f4       	brne	.+2      	; 0xd2e <vfprintf+0x3a>
     d2c:	ba c1       	rjmp	.+884    	; 0x10a2 <vfprintf+0x3ae>
     d2e:	85 32       	cpi	r24, 0x25	; 37
     d30:	39 f4       	brne	.+14     	; 0xd40 <vfprintf+0x4c>
     d32:	93 fd       	sbrc	r25, 3
     d34:	85 91       	lpm	r24, Z+
     d36:	93 ff       	sbrs	r25, 3
     d38:	81 91       	ld	r24, Z+
     d3a:	7f 01       	movw	r14, r30
     d3c:	85 32       	cpi	r24, 0x25	; 37
     d3e:	29 f4       	brne	.+10     	; 0xd4a <vfprintf+0x56>
     d40:	b6 01       	movw	r22, r12
     d42:	90 e0       	ldi	r25, 0x00	; 0
     d44:	0e 94 71 08 	call	0x10e2	; 0x10e2 <fputc>
     d48:	e7 cf       	rjmp	.-50     	; 0xd18 <vfprintf+0x24>
     d4a:	91 2c       	mov	r9, r1
     d4c:	21 2c       	mov	r2, r1
     d4e:	31 2c       	mov	r3, r1
     d50:	ff e1       	ldi	r31, 0x1F	; 31
     d52:	f3 15       	cp	r31, r3
     d54:	d8 f0       	brcs	.+54     	; 0xd8c <vfprintf+0x98>
     d56:	8b 32       	cpi	r24, 0x2B	; 43
     d58:	79 f0       	breq	.+30     	; 0xd78 <vfprintf+0x84>
     d5a:	38 f4       	brcc	.+14     	; 0xd6a <vfprintf+0x76>
     d5c:	80 32       	cpi	r24, 0x20	; 32
     d5e:	79 f0       	breq	.+30     	; 0xd7e <vfprintf+0x8a>
     d60:	83 32       	cpi	r24, 0x23	; 35
     d62:	a1 f4       	brne	.+40     	; 0xd8c <vfprintf+0x98>
     d64:	23 2d       	mov	r18, r3
     d66:	20 61       	ori	r18, 0x10	; 16
     d68:	1d c0       	rjmp	.+58     	; 0xda4 <vfprintf+0xb0>
     d6a:	8d 32       	cpi	r24, 0x2D	; 45
     d6c:	61 f0       	breq	.+24     	; 0xd86 <vfprintf+0x92>
     d6e:	80 33       	cpi	r24, 0x30	; 48
     d70:	69 f4       	brne	.+26     	; 0xd8c <vfprintf+0x98>
     d72:	23 2d       	mov	r18, r3
     d74:	21 60       	ori	r18, 0x01	; 1
     d76:	16 c0       	rjmp	.+44     	; 0xda4 <vfprintf+0xb0>
     d78:	83 2d       	mov	r24, r3
     d7a:	82 60       	ori	r24, 0x02	; 2
     d7c:	38 2e       	mov	r3, r24
     d7e:	e3 2d       	mov	r30, r3
     d80:	e4 60       	ori	r30, 0x04	; 4
     d82:	3e 2e       	mov	r3, r30
     d84:	2a c0       	rjmp	.+84     	; 0xdda <vfprintf+0xe6>
     d86:	f3 2d       	mov	r31, r3
     d88:	f8 60       	ori	r31, 0x08	; 8
     d8a:	1d c0       	rjmp	.+58     	; 0xdc6 <vfprintf+0xd2>
     d8c:	37 fc       	sbrc	r3, 7
     d8e:	2d c0       	rjmp	.+90     	; 0xdea <vfprintf+0xf6>
     d90:	20 ed       	ldi	r18, 0xD0	; 208
     d92:	28 0f       	add	r18, r24
     d94:	2a 30       	cpi	r18, 0x0A	; 10
     d96:	40 f0       	brcs	.+16     	; 0xda8 <vfprintf+0xb4>
     d98:	8e 32       	cpi	r24, 0x2E	; 46
     d9a:	b9 f4       	brne	.+46     	; 0xdca <vfprintf+0xd6>
     d9c:	36 fc       	sbrc	r3, 6
     d9e:	81 c1       	rjmp	.+770    	; 0x10a2 <vfprintf+0x3ae>
     da0:	23 2d       	mov	r18, r3
     da2:	20 64       	ori	r18, 0x40	; 64
     da4:	32 2e       	mov	r3, r18
     da6:	19 c0       	rjmp	.+50     	; 0xdda <vfprintf+0xe6>
     da8:	36 fe       	sbrs	r3, 6
     daa:	06 c0       	rjmp	.+12     	; 0xdb8 <vfprintf+0xc4>
     dac:	8a e0       	ldi	r24, 0x0A	; 10
     dae:	98 9e       	mul	r9, r24
     db0:	20 0d       	add	r18, r0
     db2:	11 24       	eor	r1, r1
     db4:	92 2e       	mov	r9, r18
     db6:	11 c0       	rjmp	.+34     	; 0xdda <vfprintf+0xe6>
     db8:	ea e0       	ldi	r30, 0x0A	; 10
     dba:	2e 9e       	mul	r2, r30
     dbc:	20 0d       	add	r18, r0
     dbe:	11 24       	eor	r1, r1
     dc0:	22 2e       	mov	r2, r18
     dc2:	f3 2d       	mov	r31, r3
     dc4:	f0 62       	ori	r31, 0x20	; 32
     dc6:	3f 2e       	mov	r3, r31
     dc8:	08 c0       	rjmp	.+16     	; 0xdda <vfprintf+0xe6>
     dca:	8c 36       	cpi	r24, 0x6C	; 108
     dcc:	21 f4       	brne	.+8      	; 0xdd6 <vfprintf+0xe2>
     dce:	83 2d       	mov	r24, r3
     dd0:	80 68       	ori	r24, 0x80	; 128
     dd2:	38 2e       	mov	r3, r24
     dd4:	02 c0       	rjmp	.+4      	; 0xdda <vfprintf+0xe6>
     dd6:	88 36       	cpi	r24, 0x68	; 104
     dd8:	41 f4       	brne	.+16     	; 0xdea <vfprintf+0xf6>
     dda:	f7 01       	movw	r30, r14
     ddc:	93 fd       	sbrc	r25, 3
     dde:	85 91       	lpm	r24, Z+
     de0:	93 ff       	sbrs	r25, 3
     de2:	81 91       	ld	r24, Z+
     de4:	7f 01       	movw	r14, r30
     de6:	81 11       	cpse	r24, r1
     de8:	b3 cf       	rjmp	.-154    	; 0xd50 <vfprintf+0x5c>
     dea:	98 2f       	mov	r25, r24
     dec:	9f 7d       	andi	r25, 0xDF	; 223
     dee:	95 54       	subi	r25, 0x45	; 69
     df0:	93 30       	cpi	r25, 0x03	; 3
     df2:	28 f4       	brcc	.+10     	; 0xdfe <vfprintf+0x10a>
     df4:	0c 5f       	subi	r16, 0xFC	; 252
     df6:	1f 4f       	sbci	r17, 0xFF	; 255
     df8:	9f e3       	ldi	r25, 0x3F	; 63
     dfa:	99 83       	std	Y+1, r25	; 0x01
     dfc:	0d c0       	rjmp	.+26     	; 0xe18 <vfprintf+0x124>
     dfe:	83 36       	cpi	r24, 0x63	; 99
     e00:	31 f0       	breq	.+12     	; 0xe0e <vfprintf+0x11a>
     e02:	83 37       	cpi	r24, 0x73	; 115
     e04:	71 f0       	breq	.+28     	; 0xe22 <vfprintf+0x12e>
     e06:	83 35       	cpi	r24, 0x53	; 83
     e08:	09 f0       	breq	.+2      	; 0xe0c <vfprintf+0x118>
     e0a:	59 c0       	rjmp	.+178    	; 0xebe <vfprintf+0x1ca>
     e0c:	21 c0       	rjmp	.+66     	; 0xe50 <vfprintf+0x15c>
     e0e:	f8 01       	movw	r30, r16
     e10:	80 81       	ld	r24, Z
     e12:	89 83       	std	Y+1, r24	; 0x01
     e14:	0e 5f       	subi	r16, 0xFE	; 254
     e16:	1f 4f       	sbci	r17, 0xFF	; 255
     e18:	88 24       	eor	r8, r8
     e1a:	83 94       	inc	r8
     e1c:	91 2c       	mov	r9, r1
     e1e:	53 01       	movw	r10, r6
     e20:	13 c0       	rjmp	.+38     	; 0xe48 <vfprintf+0x154>
     e22:	28 01       	movw	r4, r16
     e24:	f2 e0       	ldi	r31, 0x02	; 2
     e26:	4f 0e       	add	r4, r31
     e28:	51 1c       	adc	r5, r1
     e2a:	f8 01       	movw	r30, r16
     e2c:	a0 80       	ld	r10, Z
     e2e:	b1 80       	ldd	r11, Z+1	; 0x01
     e30:	36 fe       	sbrs	r3, 6
     e32:	03 c0       	rjmp	.+6      	; 0xe3a <vfprintf+0x146>
     e34:	69 2d       	mov	r22, r9
     e36:	70 e0       	ldi	r23, 0x00	; 0
     e38:	02 c0       	rjmp	.+4      	; 0xe3e <vfprintf+0x14a>
     e3a:	6f ef       	ldi	r22, 0xFF	; 255
     e3c:	7f ef       	ldi	r23, 0xFF	; 255
     e3e:	c5 01       	movw	r24, r10
     e40:	0e 94 66 08 	call	0x10cc	; 0x10cc <strnlen>
     e44:	4c 01       	movw	r8, r24
     e46:	82 01       	movw	r16, r4
     e48:	f3 2d       	mov	r31, r3
     e4a:	ff 77       	andi	r31, 0x7F	; 127
     e4c:	3f 2e       	mov	r3, r31
     e4e:	16 c0       	rjmp	.+44     	; 0xe7c <vfprintf+0x188>
     e50:	28 01       	movw	r4, r16
     e52:	22 e0       	ldi	r18, 0x02	; 2
     e54:	42 0e       	add	r4, r18
     e56:	51 1c       	adc	r5, r1
     e58:	f8 01       	movw	r30, r16
     e5a:	a0 80       	ld	r10, Z
     e5c:	b1 80       	ldd	r11, Z+1	; 0x01
     e5e:	36 fe       	sbrs	r3, 6
     e60:	03 c0       	rjmp	.+6      	; 0xe68 <vfprintf+0x174>
     e62:	69 2d       	mov	r22, r9
     e64:	70 e0       	ldi	r23, 0x00	; 0
     e66:	02 c0       	rjmp	.+4      	; 0xe6c <vfprintf+0x178>
     e68:	6f ef       	ldi	r22, 0xFF	; 255
     e6a:	7f ef       	ldi	r23, 0xFF	; 255
     e6c:	c5 01       	movw	r24, r10
     e6e:	0e 94 5b 08 	call	0x10b6	; 0x10b6 <strnlen_P>
     e72:	4c 01       	movw	r8, r24
     e74:	f3 2d       	mov	r31, r3
     e76:	f0 68       	ori	r31, 0x80	; 128
     e78:	3f 2e       	mov	r3, r31
     e7a:	82 01       	movw	r16, r4
     e7c:	33 fc       	sbrc	r3, 3
     e7e:	1b c0       	rjmp	.+54     	; 0xeb6 <vfprintf+0x1c2>
     e80:	82 2d       	mov	r24, r2
     e82:	90 e0       	ldi	r25, 0x00	; 0
     e84:	88 16       	cp	r8, r24
     e86:	99 06       	cpc	r9, r25
     e88:	b0 f4       	brcc	.+44     	; 0xeb6 <vfprintf+0x1c2>
     e8a:	b6 01       	movw	r22, r12
     e8c:	80 e2       	ldi	r24, 0x20	; 32
     e8e:	90 e0       	ldi	r25, 0x00	; 0
     e90:	0e 94 71 08 	call	0x10e2	; 0x10e2 <fputc>
     e94:	2a 94       	dec	r2
     e96:	f4 cf       	rjmp	.-24     	; 0xe80 <vfprintf+0x18c>
     e98:	f5 01       	movw	r30, r10
     e9a:	37 fc       	sbrc	r3, 7
     e9c:	85 91       	lpm	r24, Z+
     e9e:	37 fe       	sbrs	r3, 7
     ea0:	81 91       	ld	r24, Z+
     ea2:	5f 01       	movw	r10, r30
     ea4:	b6 01       	movw	r22, r12
     ea6:	90 e0       	ldi	r25, 0x00	; 0
     ea8:	0e 94 71 08 	call	0x10e2	; 0x10e2 <fputc>
     eac:	21 10       	cpse	r2, r1
     eae:	2a 94       	dec	r2
     eb0:	21 e0       	ldi	r18, 0x01	; 1
     eb2:	82 1a       	sub	r8, r18
     eb4:	91 08       	sbc	r9, r1
     eb6:	81 14       	cp	r8, r1
     eb8:	91 04       	cpc	r9, r1
     eba:	71 f7       	brne	.-36     	; 0xe98 <vfprintf+0x1a4>
     ebc:	e8 c0       	rjmp	.+464    	; 0x108e <vfprintf+0x39a>
     ebe:	84 36       	cpi	r24, 0x64	; 100
     ec0:	11 f0       	breq	.+4      	; 0xec6 <vfprintf+0x1d2>
     ec2:	89 36       	cpi	r24, 0x69	; 105
     ec4:	41 f5       	brne	.+80     	; 0xf16 <vfprintf+0x222>
     ec6:	f8 01       	movw	r30, r16
     ec8:	37 fe       	sbrs	r3, 7
     eca:	07 c0       	rjmp	.+14     	; 0xeda <vfprintf+0x1e6>
     ecc:	60 81       	ld	r22, Z
     ece:	71 81       	ldd	r23, Z+1	; 0x01
     ed0:	82 81       	ldd	r24, Z+2	; 0x02
     ed2:	93 81       	ldd	r25, Z+3	; 0x03
     ed4:	0c 5f       	subi	r16, 0xFC	; 252
     ed6:	1f 4f       	sbci	r17, 0xFF	; 255
     ed8:	08 c0       	rjmp	.+16     	; 0xeea <vfprintf+0x1f6>
     eda:	60 81       	ld	r22, Z
     edc:	71 81       	ldd	r23, Z+1	; 0x01
     ede:	07 2e       	mov	r0, r23
     ee0:	00 0c       	add	r0, r0
     ee2:	88 0b       	sbc	r24, r24
     ee4:	99 0b       	sbc	r25, r25
     ee6:	0e 5f       	subi	r16, 0xFE	; 254
     ee8:	1f 4f       	sbci	r17, 0xFF	; 255
     eea:	f3 2d       	mov	r31, r3
     eec:	ff 76       	andi	r31, 0x6F	; 111
     eee:	3f 2e       	mov	r3, r31
     ef0:	97 ff       	sbrs	r25, 7
     ef2:	09 c0       	rjmp	.+18     	; 0xf06 <vfprintf+0x212>
     ef4:	90 95       	com	r25
     ef6:	80 95       	com	r24
     ef8:	70 95       	com	r23
     efa:	61 95       	neg	r22
     efc:	7f 4f       	sbci	r23, 0xFF	; 255
     efe:	8f 4f       	sbci	r24, 0xFF	; 255
     f00:	9f 4f       	sbci	r25, 0xFF	; 255
     f02:	f0 68       	ori	r31, 0x80	; 128
     f04:	3f 2e       	mov	r3, r31
     f06:	2a e0       	ldi	r18, 0x0A	; 10
     f08:	30 e0       	ldi	r19, 0x00	; 0
     f0a:	a3 01       	movw	r20, r6
     f0c:	0e 94 ad 08 	call	0x115a	; 0x115a <__ultoa_invert>
     f10:	88 2e       	mov	r8, r24
     f12:	86 18       	sub	r8, r6
     f14:	45 c0       	rjmp	.+138    	; 0xfa0 <vfprintf+0x2ac>
     f16:	85 37       	cpi	r24, 0x75	; 117
     f18:	31 f4       	brne	.+12     	; 0xf26 <vfprintf+0x232>
     f1a:	23 2d       	mov	r18, r3
     f1c:	2f 7e       	andi	r18, 0xEF	; 239
     f1e:	b2 2e       	mov	r11, r18
     f20:	2a e0       	ldi	r18, 0x0A	; 10
     f22:	30 e0       	ldi	r19, 0x00	; 0
     f24:	25 c0       	rjmp	.+74     	; 0xf70 <vfprintf+0x27c>
     f26:	93 2d       	mov	r25, r3
     f28:	99 7f       	andi	r25, 0xF9	; 249
     f2a:	b9 2e       	mov	r11, r25
     f2c:	8f 36       	cpi	r24, 0x6F	; 111
     f2e:	c1 f0       	breq	.+48     	; 0xf60 <vfprintf+0x26c>
     f30:	18 f4       	brcc	.+6      	; 0xf38 <vfprintf+0x244>
     f32:	88 35       	cpi	r24, 0x58	; 88
     f34:	79 f0       	breq	.+30     	; 0xf54 <vfprintf+0x260>
     f36:	b5 c0       	rjmp	.+362    	; 0x10a2 <vfprintf+0x3ae>
     f38:	80 37       	cpi	r24, 0x70	; 112
     f3a:	19 f0       	breq	.+6      	; 0xf42 <vfprintf+0x24e>
     f3c:	88 37       	cpi	r24, 0x78	; 120
     f3e:	21 f0       	breq	.+8      	; 0xf48 <vfprintf+0x254>
     f40:	b0 c0       	rjmp	.+352    	; 0x10a2 <vfprintf+0x3ae>
     f42:	e9 2f       	mov	r30, r25
     f44:	e0 61       	ori	r30, 0x10	; 16
     f46:	be 2e       	mov	r11, r30
     f48:	b4 fe       	sbrs	r11, 4
     f4a:	0d c0       	rjmp	.+26     	; 0xf66 <vfprintf+0x272>
     f4c:	fb 2d       	mov	r31, r11
     f4e:	f4 60       	ori	r31, 0x04	; 4
     f50:	bf 2e       	mov	r11, r31
     f52:	09 c0       	rjmp	.+18     	; 0xf66 <vfprintf+0x272>
     f54:	34 fe       	sbrs	r3, 4
     f56:	0a c0       	rjmp	.+20     	; 0xf6c <vfprintf+0x278>
     f58:	29 2f       	mov	r18, r25
     f5a:	26 60       	ori	r18, 0x06	; 6
     f5c:	b2 2e       	mov	r11, r18
     f5e:	06 c0       	rjmp	.+12     	; 0xf6c <vfprintf+0x278>
     f60:	28 e0       	ldi	r18, 0x08	; 8
     f62:	30 e0       	ldi	r19, 0x00	; 0
     f64:	05 c0       	rjmp	.+10     	; 0xf70 <vfprintf+0x27c>
     f66:	20 e1       	ldi	r18, 0x10	; 16
     f68:	30 e0       	ldi	r19, 0x00	; 0
     f6a:	02 c0       	rjmp	.+4      	; 0xf70 <vfprintf+0x27c>
     f6c:	20 e1       	ldi	r18, 0x10	; 16
     f6e:	32 e0       	ldi	r19, 0x02	; 2
     f70:	f8 01       	movw	r30, r16
     f72:	b7 fe       	sbrs	r11, 7
     f74:	07 c0       	rjmp	.+14     	; 0xf84 <vfprintf+0x290>
     f76:	60 81       	ld	r22, Z
     f78:	71 81       	ldd	r23, Z+1	; 0x01
     f7a:	82 81       	ldd	r24, Z+2	; 0x02
     f7c:	93 81       	ldd	r25, Z+3	; 0x03
     f7e:	0c 5f       	subi	r16, 0xFC	; 252
     f80:	1f 4f       	sbci	r17, 0xFF	; 255
     f82:	06 c0       	rjmp	.+12     	; 0xf90 <vfprintf+0x29c>
     f84:	60 81       	ld	r22, Z
     f86:	71 81       	ldd	r23, Z+1	; 0x01
     f88:	80 e0       	ldi	r24, 0x00	; 0
     f8a:	90 e0       	ldi	r25, 0x00	; 0
     f8c:	0e 5f       	subi	r16, 0xFE	; 254
     f8e:	1f 4f       	sbci	r17, 0xFF	; 255
     f90:	a3 01       	movw	r20, r6
     f92:	0e 94 ad 08 	call	0x115a	; 0x115a <__ultoa_invert>
     f96:	88 2e       	mov	r8, r24
     f98:	86 18       	sub	r8, r6
     f9a:	fb 2d       	mov	r31, r11
     f9c:	ff 77       	andi	r31, 0x7F	; 127
     f9e:	3f 2e       	mov	r3, r31
     fa0:	36 fe       	sbrs	r3, 6
     fa2:	0d c0       	rjmp	.+26     	; 0xfbe <vfprintf+0x2ca>
     fa4:	23 2d       	mov	r18, r3
     fa6:	2e 7f       	andi	r18, 0xFE	; 254
     fa8:	a2 2e       	mov	r10, r18
     faa:	89 14       	cp	r8, r9
     fac:	58 f4       	brcc	.+22     	; 0xfc4 <vfprintf+0x2d0>
     fae:	34 fe       	sbrs	r3, 4
     fb0:	0b c0       	rjmp	.+22     	; 0xfc8 <vfprintf+0x2d4>
     fb2:	32 fc       	sbrc	r3, 2
     fb4:	09 c0       	rjmp	.+18     	; 0xfc8 <vfprintf+0x2d4>
     fb6:	83 2d       	mov	r24, r3
     fb8:	8e 7e       	andi	r24, 0xEE	; 238
     fba:	a8 2e       	mov	r10, r24
     fbc:	05 c0       	rjmp	.+10     	; 0xfc8 <vfprintf+0x2d4>
     fbe:	b8 2c       	mov	r11, r8
     fc0:	a3 2c       	mov	r10, r3
     fc2:	03 c0       	rjmp	.+6      	; 0xfca <vfprintf+0x2d6>
     fc4:	b8 2c       	mov	r11, r8
     fc6:	01 c0       	rjmp	.+2      	; 0xfca <vfprintf+0x2d6>
     fc8:	b9 2c       	mov	r11, r9
     fca:	a4 fe       	sbrs	r10, 4
     fcc:	0f c0       	rjmp	.+30     	; 0xfec <vfprintf+0x2f8>
     fce:	fe 01       	movw	r30, r28
     fd0:	e8 0d       	add	r30, r8
     fd2:	f1 1d       	adc	r31, r1
     fd4:	80 81       	ld	r24, Z
     fd6:	80 33       	cpi	r24, 0x30	; 48
     fd8:	21 f4       	brne	.+8      	; 0xfe2 <vfprintf+0x2ee>
     fda:	9a 2d       	mov	r25, r10
     fdc:	99 7e       	andi	r25, 0xE9	; 233
     fde:	a9 2e       	mov	r10, r25
     fe0:	09 c0       	rjmp	.+18     	; 0xff4 <vfprintf+0x300>
     fe2:	a2 fe       	sbrs	r10, 2
     fe4:	06 c0       	rjmp	.+12     	; 0xff2 <vfprintf+0x2fe>
     fe6:	b3 94       	inc	r11
     fe8:	b3 94       	inc	r11
     fea:	04 c0       	rjmp	.+8      	; 0xff4 <vfprintf+0x300>
     fec:	8a 2d       	mov	r24, r10
     fee:	86 78       	andi	r24, 0x86	; 134
     ff0:	09 f0       	breq	.+2      	; 0xff4 <vfprintf+0x300>
     ff2:	b3 94       	inc	r11
     ff4:	a3 fc       	sbrc	r10, 3
     ff6:	11 c0       	rjmp	.+34     	; 0x101a <vfprintf+0x326>
     ff8:	a0 fe       	sbrs	r10, 0
     ffa:	06 c0       	rjmp	.+12     	; 0x1008 <vfprintf+0x314>
     ffc:	b2 14       	cp	r11, r2
     ffe:	88 f4       	brcc	.+34     	; 0x1022 <vfprintf+0x32e>
    1000:	28 0c       	add	r2, r8
    1002:	92 2c       	mov	r9, r2
    1004:	9b 18       	sub	r9, r11
    1006:	0e c0       	rjmp	.+28     	; 0x1024 <vfprintf+0x330>
    1008:	b2 14       	cp	r11, r2
    100a:	60 f4       	brcc	.+24     	; 0x1024 <vfprintf+0x330>
    100c:	b6 01       	movw	r22, r12
    100e:	80 e2       	ldi	r24, 0x20	; 32
    1010:	90 e0       	ldi	r25, 0x00	; 0
    1012:	0e 94 71 08 	call	0x10e2	; 0x10e2 <fputc>
    1016:	b3 94       	inc	r11
    1018:	f7 cf       	rjmp	.-18     	; 0x1008 <vfprintf+0x314>
    101a:	b2 14       	cp	r11, r2
    101c:	18 f4       	brcc	.+6      	; 0x1024 <vfprintf+0x330>
    101e:	2b 18       	sub	r2, r11
    1020:	02 c0       	rjmp	.+4      	; 0x1026 <vfprintf+0x332>
    1022:	98 2c       	mov	r9, r8
    1024:	21 2c       	mov	r2, r1
    1026:	a4 fe       	sbrs	r10, 4
    1028:	10 c0       	rjmp	.+32     	; 0x104a <vfprintf+0x356>
    102a:	b6 01       	movw	r22, r12
    102c:	80 e3       	ldi	r24, 0x30	; 48
    102e:	90 e0       	ldi	r25, 0x00	; 0
    1030:	0e 94 71 08 	call	0x10e2	; 0x10e2 <fputc>
    1034:	a2 fe       	sbrs	r10, 2
    1036:	17 c0       	rjmp	.+46     	; 0x1066 <vfprintf+0x372>
    1038:	a1 fc       	sbrc	r10, 1
    103a:	03 c0       	rjmp	.+6      	; 0x1042 <vfprintf+0x34e>
    103c:	88 e7       	ldi	r24, 0x78	; 120
    103e:	90 e0       	ldi	r25, 0x00	; 0
    1040:	02 c0       	rjmp	.+4      	; 0x1046 <vfprintf+0x352>
    1042:	88 e5       	ldi	r24, 0x58	; 88
    1044:	90 e0       	ldi	r25, 0x00	; 0
    1046:	b6 01       	movw	r22, r12
    1048:	0c c0       	rjmp	.+24     	; 0x1062 <vfprintf+0x36e>
    104a:	8a 2d       	mov	r24, r10
    104c:	86 78       	andi	r24, 0x86	; 134
    104e:	59 f0       	breq	.+22     	; 0x1066 <vfprintf+0x372>
    1050:	a1 fe       	sbrs	r10, 1
    1052:	02 c0       	rjmp	.+4      	; 0x1058 <vfprintf+0x364>
    1054:	8b e2       	ldi	r24, 0x2B	; 43
    1056:	01 c0       	rjmp	.+2      	; 0x105a <vfprintf+0x366>
    1058:	80 e2       	ldi	r24, 0x20	; 32
    105a:	a7 fc       	sbrc	r10, 7
    105c:	8d e2       	ldi	r24, 0x2D	; 45
    105e:	b6 01       	movw	r22, r12
    1060:	90 e0       	ldi	r25, 0x00	; 0
    1062:	0e 94 71 08 	call	0x10e2	; 0x10e2 <fputc>
    1066:	89 14       	cp	r8, r9
    1068:	38 f4       	brcc	.+14     	; 0x1078 <vfprintf+0x384>
    106a:	b6 01       	movw	r22, r12
    106c:	80 e3       	ldi	r24, 0x30	; 48
    106e:	90 e0       	ldi	r25, 0x00	; 0
    1070:	0e 94 71 08 	call	0x10e2	; 0x10e2 <fputc>
    1074:	9a 94       	dec	r9
    1076:	f7 cf       	rjmp	.-18     	; 0x1066 <vfprintf+0x372>
    1078:	8a 94       	dec	r8
    107a:	f3 01       	movw	r30, r6
    107c:	e8 0d       	add	r30, r8
    107e:	f1 1d       	adc	r31, r1
    1080:	80 81       	ld	r24, Z
    1082:	b6 01       	movw	r22, r12
    1084:	90 e0       	ldi	r25, 0x00	; 0
    1086:	0e 94 71 08 	call	0x10e2	; 0x10e2 <fputc>
    108a:	81 10       	cpse	r8, r1
    108c:	f5 cf       	rjmp	.-22     	; 0x1078 <vfprintf+0x384>
    108e:	22 20       	and	r2, r2
    1090:	09 f4       	brne	.+2      	; 0x1094 <vfprintf+0x3a0>
    1092:	42 ce       	rjmp	.-892    	; 0xd18 <vfprintf+0x24>
    1094:	b6 01       	movw	r22, r12
    1096:	80 e2       	ldi	r24, 0x20	; 32
    1098:	90 e0       	ldi	r25, 0x00	; 0
    109a:	0e 94 71 08 	call	0x10e2	; 0x10e2 <fputc>
    109e:	2a 94       	dec	r2
    10a0:	f6 cf       	rjmp	.-20     	; 0x108e <vfprintf+0x39a>
    10a2:	f6 01       	movw	r30, r12
    10a4:	86 81       	ldd	r24, Z+6	; 0x06
    10a6:	97 81       	ldd	r25, Z+7	; 0x07
    10a8:	02 c0       	rjmp	.+4      	; 0x10ae <vfprintf+0x3ba>
    10aa:	8f ef       	ldi	r24, 0xFF	; 255
    10ac:	9f ef       	ldi	r25, 0xFF	; 255
    10ae:	2b 96       	adiw	r28, 0x0b	; 11
    10b0:	e2 e1       	ldi	r30, 0x12	; 18
    10b2:	0c 94 27 09 	jmp	0x124e	; 0x124e <__epilogue_restores__>

000010b6 <strnlen_P>:
    10b6:	fc 01       	movw	r30, r24
    10b8:	05 90       	lpm	r0, Z+
    10ba:	61 50       	subi	r22, 0x01	; 1
    10bc:	70 40       	sbci	r23, 0x00	; 0
    10be:	01 10       	cpse	r0, r1
    10c0:	d8 f7       	brcc	.-10     	; 0x10b8 <strnlen_P+0x2>
    10c2:	80 95       	com	r24
    10c4:	90 95       	com	r25
    10c6:	8e 0f       	add	r24, r30
    10c8:	9f 1f       	adc	r25, r31
    10ca:	08 95       	ret

000010cc <strnlen>:
    10cc:	fc 01       	movw	r30, r24
    10ce:	61 50       	subi	r22, 0x01	; 1
    10d0:	70 40       	sbci	r23, 0x00	; 0
    10d2:	01 90       	ld	r0, Z+
    10d4:	01 10       	cpse	r0, r1
    10d6:	d8 f7       	brcc	.-10     	; 0x10ce <strnlen+0x2>
    10d8:	80 95       	com	r24
    10da:	90 95       	com	r25
    10dc:	8e 0f       	add	r24, r30
    10de:	9f 1f       	adc	r25, r31
    10e0:	08 95       	ret

000010e2 <fputc>:
    10e2:	0f 93       	push	r16
    10e4:	1f 93       	push	r17
    10e6:	cf 93       	push	r28
    10e8:	df 93       	push	r29
    10ea:	fb 01       	movw	r30, r22
    10ec:	23 81       	ldd	r18, Z+3	; 0x03
    10ee:	21 fd       	sbrc	r18, 1
    10f0:	03 c0       	rjmp	.+6      	; 0x10f8 <fputc+0x16>
    10f2:	8f ef       	ldi	r24, 0xFF	; 255
    10f4:	9f ef       	ldi	r25, 0xFF	; 255
    10f6:	2c c0       	rjmp	.+88     	; 0x1150 <fputc+0x6e>
    10f8:	22 ff       	sbrs	r18, 2
    10fa:	16 c0       	rjmp	.+44     	; 0x1128 <fputc+0x46>
    10fc:	46 81       	ldd	r20, Z+6	; 0x06
    10fe:	57 81       	ldd	r21, Z+7	; 0x07
    1100:	24 81       	ldd	r18, Z+4	; 0x04
    1102:	35 81       	ldd	r19, Z+5	; 0x05
    1104:	42 17       	cp	r20, r18
    1106:	53 07       	cpc	r21, r19
    1108:	44 f4       	brge	.+16     	; 0x111a <fputc+0x38>
    110a:	a0 81       	ld	r26, Z
    110c:	b1 81       	ldd	r27, Z+1	; 0x01
    110e:	9d 01       	movw	r18, r26
    1110:	2f 5f       	subi	r18, 0xFF	; 255
    1112:	3f 4f       	sbci	r19, 0xFF	; 255
    1114:	31 83       	std	Z+1, r19	; 0x01
    1116:	20 83       	st	Z, r18
    1118:	8c 93       	st	X, r24
    111a:	26 81       	ldd	r18, Z+6	; 0x06
    111c:	37 81       	ldd	r19, Z+7	; 0x07
    111e:	2f 5f       	subi	r18, 0xFF	; 255
    1120:	3f 4f       	sbci	r19, 0xFF	; 255
    1122:	37 83       	std	Z+7, r19	; 0x07
    1124:	26 83       	std	Z+6, r18	; 0x06
    1126:	14 c0       	rjmp	.+40     	; 0x1150 <fputc+0x6e>
    1128:	8b 01       	movw	r16, r22
    112a:	ec 01       	movw	r28, r24
    112c:	fb 01       	movw	r30, r22
    112e:	00 84       	ldd	r0, Z+8	; 0x08
    1130:	f1 85       	ldd	r31, Z+9	; 0x09
    1132:	e0 2d       	mov	r30, r0
    1134:	09 95       	icall
    1136:	89 2b       	or	r24, r25
    1138:	e1 f6       	brne	.-72     	; 0x10f2 <fputc+0x10>
    113a:	d8 01       	movw	r26, r16
    113c:	16 96       	adiw	r26, 0x06	; 6
    113e:	8d 91       	ld	r24, X+
    1140:	9c 91       	ld	r25, X
    1142:	17 97       	sbiw	r26, 0x07	; 7
    1144:	01 96       	adiw	r24, 0x01	; 1
    1146:	17 96       	adiw	r26, 0x07	; 7
    1148:	9c 93       	st	X, r25
    114a:	8e 93       	st	-X, r24
    114c:	16 97       	sbiw	r26, 0x06	; 6
    114e:	ce 01       	movw	r24, r28
    1150:	df 91       	pop	r29
    1152:	cf 91       	pop	r28
    1154:	1f 91       	pop	r17
    1156:	0f 91       	pop	r16
    1158:	08 95       	ret

0000115a <__ultoa_invert>:
    115a:	fa 01       	movw	r30, r20
    115c:	aa 27       	eor	r26, r26
    115e:	28 30       	cpi	r18, 0x08	; 8
    1160:	51 f1       	breq	.+84     	; 0x11b6 <__ultoa_invert+0x5c>
    1162:	20 31       	cpi	r18, 0x10	; 16
    1164:	81 f1       	breq	.+96     	; 0x11c6 <__ultoa_invert+0x6c>
    1166:	e8 94       	clt
    1168:	6f 93       	push	r22
    116a:	6e 7f       	andi	r22, 0xFE	; 254
    116c:	6e 5f       	subi	r22, 0xFE	; 254
    116e:	7f 4f       	sbci	r23, 0xFF	; 255
    1170:	8f 4f       	sbci	r24, 0xFF	; 255
    1172:	9f 4f       	sbci	r25, 0xFF	; 255
    1174:	af 4f       	sbci	r26, 0xFF	; 255
    1176:	b1 e0       	ldi	r27, 0x01	; 1
    1178:	3e d0       	rcall	.+124    	; 0x11f6 <__ultoa_invert+0x9c>
    117a:	b4 e0       	ldi	r27, 0x04	; 4
    117c:	3c d0       	rcall	.+120    	; 0x11f6 <__ultoa_invert+0x9c>
    117e:	67 0f       	add	r22, r23
    1180:	78 1f       	adc	r23, r24
    1182:	89 1f       	adc	r24, r25
    1184:	9a 1f       	adc	r25, r26
    1186:	a1 1d       	adc	r26, r1
    1188:	68 0f       	add	r22, r24
    118a:	79 1f       	adc	r23, r25
    118c:	8a 1f       	adc	r24, r26
    118e:	91 1d       	adc	r25, r1
    1190:	a1 1d       	adc	r26, r1
    1192:	6a 0f       	add	r22, r26
    1194:	71 1d       	adc	r23, r1
    1196:	81 1d       	adc	r24, r1
    1198:	91 1d       	adc	r25, r1
    119a:	a1 1d       	adc	r26, r1
    119c:	20 d0       	rcall	.+64     	; 0x11de <__ultoa_invert+0x84>
    119e:	09 f4       	brne	.+2      	; 0x11a2 <__ultoa_invert+0x48>
    11a0:	68 94       	set
    11a2:	3f 91       	pop	r19
    11a4:	2a e0       	ldi	r18, 0x0A	; 10
    11a6:	26 9f       	mul	r18, r22
    11a8:	11 24       	eor	r1, r1
    11aa:	30 19       	sub	r19, r0
    11ac:	30 5d       	subi	r19, 0xD0	; 208
    11ae:	31 93       	st	Z+, r19
    11b0:	de f6       	brtc	.-74     	; 0x1168 <__ultoa_invert+0xe>
    11b2:	cf 01       	movw	r24, r30
    11b4:	08 95       	ret
    11b6:	46 2f       	mov	r20, r22
    11b8:	47 70       	andi	r20, 0x07	; 7
    11ba:	40 5d       	subi	r20, 0xD0	; 208
    11bc:	41 93       	st	Z+, r20
    11be:	b3 e0       	ldi	r27, 0x03	; 3
    11c0:	0f d0       	rcall	.+30     	; 0x11e0 <__ultoa_invert+0x86>
    11c2:	c9 f7       	brne	.-14     	; 0x11b6 <__ultoa_invert+0x5c>
    11c4:	f6 cf       	rjmp	.-20     	; 0x11b2 <__ultoa_invert+0x58>
    11c6:	46 2f       	mov	r20, r22
    11c8:	4f 70       	andi	r20, 0x0F	; 15
    11ca:	40 5d       	subi	r20, 0xD0	; 208
    11cc:	4a 33       	cpi	r20, 0x3A	; 58
    11ce:	18 f0       	brcs	.+6      	; 0x11d6 <__ultoa_invert+0x7c>
    11d0:	49 5d       	subi	r20, 0xD9	; 217
    11d2:	31 fd       	sbrc	r19, 1
    11d4:	40 52       	subi	r20, 0x20	; 32
    11d6:	41 93       	st	Z+, r20
    11d8:	02 d0       	rcall	.+4      	; 0x11de <__ultoa_invert+0x84>
    11da:	a9 f7       	brne	.-22     	; 0x11c6 <__ultoa_invert+0x6c>
    11dc:	ea cf       	rjmp	.-44     	; 0x11b2 <__ultoa_invert+0x58>
    11de:	b4 e0       	ldi	r27, 0x04	; 4
    11e0:	a6 95       	lsr	r26
    11e2:	97 95       	ror	r25
    11e4:	87 95       	ror	r24
    11e6:	77 95       	ror	r23
    11e8:	67 95       	ror	r22
    11ea:	ba 95       	dec	r27
    11ec:	c9 f7       	brne	.-14     	; 0x11e0 <__ultoa_invert+0x86>
    11ee:	00 97       	sbiw	r24, 0x00	; 0
    11f0:	61 05       	cpc	r22, r1
    11f2:	71 05       	cpc	r23, r1
    11f4:	08 95       	ret
    11f6:	9b 01       	movw	r18, r22
    11f8:	ac 01       	movw	r20, r24
    11fa:	0a 2e       	mov	r0, r26
    11fc:	06 94       	lsr	r0
    11fe:	57 95       	ror	r21
    1200:	47 95       	ror	r20
    1202:	37 95       	ror	r19
    1204:	27 95       	ror	r18
    1206:	ba 95       	dec	r27
    1208:	c9 f7       	brne	.-14     	; 0x11fc <__ultoa_invert+0xa2>
    120a:	62 0f       	add	r22, r18
    120c:	73 1f       	adc	r23, r19
    120e:	84 1f       	adc	r24, r20
    1210:	95 1f       	adc	r25, r21
    1212:	a0 1d       	adc	r26, r0
    1214:	08 95       	ret

00001216 <__prologue_saves__>:
    1216:	2f 92       	push	r2
    1218:	3f 92       	push	r3
    121a:	4f 92       	push	r4
    121c:	5f 92       	push	r5
    121e:	6f 92       	push	r6
    1220:	7f 92       	push	r7
    1222:	8f 92       	push	r8
    1224:	9f 92       	push	r9
    1226:	af 92       	push	r10
    1228:	bf 92       	push	r11
    122a:	cf 92       	push	r12
    122c:	df 92       	push	r13
    122e:	ef 92       	push	r14
    1230:	ff 92       	push	r15
    1232:	0f 93       	push	r16
    1234:	1f 93       	push	r17
    1236:	cf 93       	push	r28
    1238:	df 93       	push	r29
    123a:	cd b7       	in	r28, 0x3d	; 61
    123c:	de b7       	in	r29, 0x3e	; 62
    123e:	ca 1b       	sub	r28, r26
    1240:	db 0b       	sbc	r29, r27
    1242:	0f b6       	in	r0, 0x3f	; 63
    1244:	f8 94       	cli
    1246:	de bf       	out	0x3e, r29	; 62
    1248:	0f be       	out	0x3f, r0	; 63
    124a:	cd bf       	out	0x3d, r28	; 61
    124c:	09 94       	ijmp

0000124e <__epilogue_restores__>:
    124e:	2a 88       	ldd	r2, Y+18	; 0x12
    1250:	39 88       	ldd	r3, Y+17	; 0x11
    1252:	48 88       	ldd	r4, Y+16	; 0x10
    1254:	5f 84       	ldd	r5, Y+15	; 0x0f
    1256:	6e 84       	ldd	r6, Y+14	; 0x0e
    1258:	7d 84       	ldd	r7, Y+13	; 0x0d
    125a:	8c 84       	ldd	r8, Y+12	; 0x0c
    125c:	9b 84       	ldd	r9, Y+11	; 0x0b
    125e:	aa 84       	ldd	r10, Y+10	; 0x0a
    1260:	b9 84       	ldd	r11, Y+9	; 0x09
    1262:	c8 84       	ldd	r12, Y+8	; 0x08
    1264:	df 80       	ldd	r13, Y+7	; 0x07
    1266:	ee 80       	ldd	r14, Y+6	; 0x06
    1268:	fd 80       	ldd	r15, Y+5	; 0x05
    126a:	0c 81       	ldd	r16, Y+4	; 0x04
    126c:	1b 81       	ldd	r17, Y+3	; 0x03
    126e:	aa 81       	ldd	r26, Y+2	; 0x02
    1270:	b9 81       	ldd	r27, Y+1	; 0x01
    1272:	ce 0f       	add	r28, r30
    1274:	d1 1d       	adc	r29, r1
    1276:	0f b6       	in	r0, 0x3f	; 63
    1278:	f8 94       	cli
    127a:	de bf       	out	0x3e, r29	; 62
    127c:	0f be       	out	0x3f, r0	; 63
    127e:	cd bf       	out	0x3d, r28	; 61
    1280:	ed 01       	movw	r28, r26
    1282:	08 95       	ret

00001284 <_exit>:
    1284:	f8 94       	cli

00001286 <__stop_program>:
    1286:	ff cf       	rjmp	.-2      	; 0x1286 <__stop_program>
